GRID_TYPE,GAME_ID,GAME_EVENT_ID,PLAYER_ID,PLAYER_NAME,TEAM_ID,TEAM_NAME,PERIOD,MINUTES_REMAINING,SECONDS_REMAINING,EVENT_TYPE,ACTION_TYPE,SHOT_TYPE,SHOT_ZONE_BASIC,SHOT_ZONE_AREA,SHOT_ZONE_RANGE,SHOT_DISTANCE,LOC_X,LOC_Y,SHOT_ATTEMPTED_FLAG,SHOT_MADE_FLAG,GAME_DATE,HTM,VTM
Shot Chart Detail,0022500004,104,1642844,Dylan Harper,1610612759,San Antonio Spurs,1,4,44,Missed Shot,Pullup Jump shot,2PT Field Goal,In The Paint (Non-RA),Center(C),8-16 ft.,12,-26,120,1,0,20251022,DAL,SAS
Shot Chart Detail,0022500004,153,1642844,Dylan Harper,1610612759,San Antonio Spurs,1,2,9,Missed Shot,Pullup Jump shot,2PT Field Goal,Mid-Range,Right Side(R),8-16 ft.,15,136,75,1,0,20251022,DAL,SAS
Shot Chart Detail,0022500004,165,1642844,Dylan Harper,1610612759,San Antonio Spurs,1,1,34,Missed Shot,Driving Reverse Layup Shot,2PT Field Goal,Restricted Area,Center(C),Less Than 8 ft.,2,21,17,1,0,20251022,DAL,SAS
Shot Chart Detail,0022500004,299,1642844,Dylan Harper,1610612759,San Antonio Spurs,2,5,14,Missed Shot,Driving Reverse Layup Shot,2PT Field Goal,Restricted Area,Center(C),Less Than 8 ft.,3,27,22,1,0,20251022,DAL,SAS
Shot Chart Detail,0022500004,327,1642844,Dylan Harper,1610612759,San Antonio Spurs,2,3,51,Made Shot,Driving Dunk Shot,2PT Field Goal,Restricted Area,Center(C),Less Than 8 ft.,2,-22,1,1,1,20251022,DAL,SAS
Shot Chart Detail,0022500004,332,1642844,Dylan Harper,1610612759,San Antonio Spurs,2,3,18,Made Shot,Driving Layup Shot,2PT Field Goal,In The Paint (Non-RA),Center(C),Less Than 8 ft.,4,40,16,1,1,20251022,DAL,SAS
Shot Chart Detail,0022500004,369,1642844,Dylan Harper,1610612759,San Antonio Spurs,2,1,16,Made Shot,Running Reverse Layup Shot,2PT Field Goal,Restricted Area,Center(C),Less Than 8 ft.,2,25,15,1,1,20251022,DAL,SAS
Shot Chart Detail,0022500004,384,1642844,Dylan Harper,1610612759,San Antonio Spurs,2,0,8,Made Shot,Cutting Layup Shot,2PT Field Goal,Restricted Area,Center(C),Less Than 8 ft.,2,-17,14,1,1,20251022,DAL,SAS
Shot Chart Detail,0022500004,527,1642844,Dylan Harper,1610612759,San Antonio Spurs,3,2,55,Missed Shot,Running Layup Shot,2PT Field Goal,In The Paint (Non-RA),Center(C),Less Than 8 ft.,4,-26,31,1,0,20251022,DAL,SAS
Shot Chart Detail,0022500004,534,1642844,Dylan Harper,1610612759,San Antonio Spurs,3,1,58,Made Shot,Finger Roll Layup Shot,2PT Field Goal,In The Paint (Non-RA),Center(C),Less Than 8 ft.,4,-37,16,1,1,20251022,DAL,SAS
Shot Chart Detail,0022500004,562,1642844,Dylan Harper,1610612759,San Antonio Spurs,3,0,2,Missed Shot,Driving Floating Jump Shot,2PT Field Goal,In The Paint (Non-RA),Center(C),Less Than 8 ft.,4,27,34,1,0,20251022,DAL,SAS
Shot Chart Detail,0022500004,581,1642844,Dylan Harper,1610612759,San Antonio Spurs,4,11,7,Made Shot,Running Layup Shot,2PT Field Goal,Restricted Area,Center(C),Less Than 8 ft.,2,12,17,1,1,20251022,DAL,SAS
Shot Chart Detail,0022500004,599,1642844,Dylan Harper,1610612759,San Antonio Spurs,4,9,22,Missed Shot,Jump Shot,3PT Field Goal,Above the Break 3,Right Side Center(RC),24+ ft.,25,119,225,1,0,20251022,DAL,SAS
Shot Chart Detail,0022500004,690,1642844,Dylan Harper,1610612759,San Antonio Spurs,4,2,45,Made Shot,Jump Shot,3PT Field Goal,Above the Break 3,Center(C),24+ ft.,26,-11,265,1,1,20251022,DAL,SAS
Shot Chart Detail,0022500010,125,1642844,Dylan Harper,1610612759,San Antonio Spurs,1,2,37,Made Shot,Running Layup Shot,2PT Field Goal,Restricted Area,Center(C),Less Than 8 ft.,1,12,1,1,1,20251225,OKC,SAS
Shot Chart Detail,0022500010,141,1642844,Dylan Harper,1610612759,San Antonio Spurs,1,1,6,Made Shot,Step Back Jump shot,2PT Field Goal,Mid-Range,Right Side Center(RC),16-24 ft.,19,142,131,1,1,20251225,OKC,SAS
Shot Chart Detail,0022500010,171,1642844,Dylan Harper,1610612759,San Antonio Spurs,2,11,44,Made Shot,Floating Jump shot,2PT Field Goal,In The Paint (Non-RA),Center(C),Less Than 8 ft.,5,21,49,1,1,20251225,OKC,SAS
Shot Chart Detail,0022500010,194,1642844,Dylan Harper,1610612759,San Antonio Spurs,2,9,21,Missed Shot,Jump Shot,3PT Field Goal,Above the Break 3,Right Side Center(RC),24+ ft.,25,143,212,1,0,20251225,OKC,SAS
Shot Chart Detail,0022500010,438,1642844,Dylan Harper,1610612759,San Antonio Spurs,3,5,44,Missed Shot,Driving Layup Shot,2PT Field Goal,In The Paint (Non-RA),Center(C),Less Than 8 ft.,7,53,50,1,0,20251225,OKC,SAS
Shot Chart Detail,0022500010,452,1642844,Dylan Harper,1610612759,San Antonio Spurs,3,4,54,Missed Shot,Driving Layup Shot,2PT Field Goal,Restricted Area,Center(C),Less Than 8 ft.,3,22,29,1,0,20251225,OKC,SAS
Shot Chart Detail,0022500010,490,1642844,Dylan Harper,1610612759,San Antonio Spurs,3,1,58,Made Shot,Cutting Dunk Shot,2PT Field Goal,Restricted Area,Center(C),Less Than 8 ft.,1,9,-5,1,1,20251225,OKC,SAS
Shot Chart Detail,0022500010,588,1642844,Dylan Harper,1610612759,San Antonio Spurs,4,6,48,Made Shot,Driving Layup Shot,2PT Field Goal,Restricted Area,Center(C),Less Than 8 ft.,2,21,-4,1,1,20251225,OKC,SAS
Shot Chart Detail,0022500067,85,1642844,Dylan Harper,1610612759,San Antonio Spurs,1,5,24,Missed Shot,Pullup Jump shot,2PT Field Goal,In The Paint (Non-RA),Right Side(R),8-16 ft.,13,69,115,1,0,20251126,POR,SAS
Shot Chart Detail,0022500067,87,1642844,Dylan Harper,1610612759,San Antonio Spurs,1,5,21,Missed Shot,Putback Layup Shot,2PT Field Goal,Restricted Area,Center(C),Less Than 8 ft.,3,13,31,1,0,20251126,POR,SAS
Shot Chart Detail,0022500067,219,1642844,Dylan Harper,1610612759,San Antonio Spurs,2,9,20,Made Shot,Jump Shot,3PT Field Goal,Left Corner 3,Left Side(L),24+ ft.,23,-232,32,1,1,20251126,POR,SAS
Shot Chart Detail,0022500067,234,1642844,Dylan Harper,1610612759,San Antonio Spurs,2,8,25,Missed Shot,Putback Layup Shot,2PT Field Goal,Restricted Area,Center(C),Less Than 8 ft.,3,17,26,1,0,20251126,POR,SAS
Shot Chart Detail,0022500067,460,1642844,Dylan Harper,1610612759,San Antonio Spurs,3,5,44,Missed Shot,Running Layup Shot,2PT Field Goal,In The Paint (Non-RA),Center(C),Less Than 8 ft.,4,26,42,1,0,20251126,POR,SAS
Shot Chart Detail,0022500067,489,1642844,Dylan Harper,1610612759,San Antonio Spurs,3,3,41,Missed Shot,Driving Layup Shot,2PT Field Goal,Restricted Area,Center(C),Less Than 8 ft.,3,36,17,1,0,20251126,POR,SAS
Shot Chart Detail,0022500067,619,1642844,Dylan Harper,1610612759,San Antonio Spurs,4,7,49,Missed Shot,Pullup Jump shot,3PT Field Goal,Above the Break 3,Center(C),24+ ft.,25,16,252,1,0,20251126,POR,SAS
Shot Chart Detail,0022500067,646,1642844,Dylan Harper,1610612759,San Antonio Spurs,4,5,56,Made Shot,Running Dunk Shot,2PT Field Goal,Restricted Area,Center(C),Less Than 8 ft.,2,7,25,1,1,20251126,POR,SAS
Shot Chart Detail,0022500076,52,1642844,Dylan Harper,1610612759,San Antonio Spurs,1,7,0,Made Shot,Running Reverse Layup Shot,2PT Field Goal,Restricted Area,Center(C),Less Than 8 ft.,2,20,14,1,1,20251128,DEN,SAS
Shot Chart Detail,0022500076,91,1642844,Dylan Harper,1610612759,San Antonio Spurs,1,4,7,Made Shot,Pullup Jump shot,2PT Field Goal,In The Paint (Non-RA),Center(C),8-16 ft.,9,4,98,1,1,20251128,DEN,SAS
Shot Chart Detail,0022500076,223,1642844,Dylan Harper,1610612759,San Antonio Spurs,2,7,44,Missed Shot,Driving Layup Shot,2PT Field Goal,In The Paint (Non-RA),Center(C),Less Than 8 ft.,4,-44,11,1,0,20251128,DEN,SAS
Shot Chart Detail,0022500076,279,1642844,Dylan Harper,1610612759,San Antonio Spurs,2,4,41,Made Shot,Driving Layup Shot,2PT Field Goal,Restricted Area,Center(C),Less Than 8 ft.,2,21,17,1,1,20251128,DEN,SAS
Shot Chart Detail,0022500076,437,1642844,Dylan Harper,1610612759,San Antonio Spurs,3,5,39,Made Shot,Pullup Jump shot,2PT Field Goal,Mid-Range,Left Side(L),8-16 ft.,14,-147,12,1,1,20251128,DEN,SAS
Shot Chart Detail,0022500076,444,1642844,Dylan Harper,1610612759,San Antonio Spurs,3,4,59,Missed Shot,Jump Shot,3PT Field Goal,Above the Break 3,Right Side Center(RC),24+ ft.,27,158,225,1,0,20251128,DEN,SAS
Shot Chart Detail,0022500076,625,1642844,Dylan Harper,1610612759,San Antonio Spurs,4,6,1,Missed Shot,Pullup Jump shot,2PT Field Goal,In The Paint (Non-RA),Center(C),8-16 ft.,9,22,97,1,0,20251128,DEN,SAS
Shot Chart Detail,0022500095,99,1642844,Dylan Harper,1610612759,San Antonio Spurs,1,4,18,Made Shot,Driving Finger Roll Layup Shot,2PT Field Goal,Restricted Area,Center(C),Less Than 8 ft.,1,16,0,1,1,20251024,NOP,SAS
Shot Chart Detail,0022500095,135,1642844,Dylan Harper,1610612759,San Antonio Spurs,1,1,59,Missed Shot,Running Reverse Layup Shot,2PT Field Goal,Restricted Area,Center(C),Less Than 8 ft.,1,15,5,1,0,20251024,NOP,SAS
Shot Chart Detail,0022500095,272,1642844,Dylan Harper,1610612759,San Antonio Spurs,2,5,44,Missed Shot,Jump Shot,3PT Field Goal,Above the Break 3,Left Side Center(LC),24+ ft.,25,-94,234,1,0,20251024,NOP,SAS
Shot Chart Detail,0022500095,350,1642844,Dylan Harper,1610612759,San Antonio Spurs,2,1,4,Missed Shot,Driving Reverse Layup Shot,2PT Field Goal,Restricted Area,Center(C),Less Than 8 ft.,1,18,4,1,0,20251024,NOP,SAS
Shot Chart Detail,0022500095,513,1642844,Dylan Harper,1610612759,San Antonio Spurs,3,2,13,Missed Shot,Jump Shot,3PT Field Goal,Right Corner 3,Right Side(R),24+ ft.,23,232,6,1,0,20251024,NOP,SAS
Shot Chart Detail,0022500095,518,1642844,Dylan Harper,1610612759,San Antonio Spurs,3,1,37,Missed Shot,Driving Layup Shot,2PT Field Goal,Restricted Area,Center(C),Less Than 8 ft.,2,28,7,1,0,20251024,NOP,SAS
Shot Chart Detail,0022500095,520,1642844,Dylan Harper,1610612759,San Antonio Spurs,3,1,29,Missed Shot,Driving Layup Shot,2PT Field Goal,Restricted Area,Center(C),Less Than 8 ft.,2,-28,6,1,0,20251024,NOP,SAS
Shot Chart Detail,0022500095,589,1642844,Dylan Harper,1610612759,San Antonio Spurs,4,8,31,Missed Shot,Jump Shot,3PT Field Goal,Above the Break 3,Right Side Center(RC),24+ ft.,25,197,163,1,0,20251024,NOP,SAS
Shot Chart Detail,0022500095,601,1642844,Dylan Harper,1610612759,San Antonio Spurs,4,7,56,Made Shot,Jump Shot,3PT Field Goal,Above the Break 3,Right Side Center(RC),24+ ft.,24,191,159,1,1,20251024,NOP,SAS
Shot Chart Detail,0022500095,605,1642844,Dylan Harper,1610612759,San Antonio Spurs,4,7,31,Made Shot,Running Layup Shot,2PT Field Goal,Restricted Area,Center(C),Less Than 8 ft.,1,-13,6,1,1,20251024,NOP,SAS
Shot Chart Detail,0022500095,647,1642844,Dylan Harper,1610612759,San Antonio Spurs,4,4,5,Missed Shot,Driving Layup Shot,2PT Field Goal,Restricted Area,Center(C),Less Than 8 ft.,2,21,1,1,0,20251024,NOP,SAS
Shot Chart Detail,0022500095,652,1642844,Dylan Harper,1610612759,San Antonio Spurs,4,3,35,Missed Shot,Jump Shot,3PT Field Goal,Above the Break 3,Left Side Center(LC),24+ ft.,25,-180,178,1,0,20251024,NOP,SAS
Shot Chart Detail,0022500105,64,1642844,Dylan Harper,1610612759,San Antonio Spurs,1,7,1,Made Shot,Driving Layup Shot,2PT Field Goal,Restricted Area,Center(C),Less Than 8 ft.,1,-9,10,1,1,20251026,SAS,BKN
Shot Chart Detail,0022500105,249,1642844,Dylan Harper,1610612759,San Antonio Spurs,2,8,8,Missed Shot,Running Finger Roll Layup Shot,2PT Field Goal,Restricted Area,Center(C),Less Than 8 ft.,1,17,5,1,0,20251026,SAS,BKN
Shot Chart Detail,0022500105,289,1642844,Dylan Harper,1610612759,San Antonio Spurs,2,5,40,Made Shot,Driving Finger Roll Layup Shot,2PT Field Goal,Restricted Area,Center(C),Less Than 8 ft.,1,-15,10,1,1,20251026,SAS,BKN
Shot Chart Detail,0022500105,342,1642844,Dylan Harper,1610612759,San Antonio Spurs,2,2,34,Made Shot,Running Layup Shot,2PT Field Goal,Restricted Area,Center(C),Less Than 8 ft.,1,-15,5,1,1,20251026,SAS,BKN
Shot Chart Detail,0022500105,355,1642844,Dylan Harper,1610612759,San Antonio Spurs,2,1,26,Made Shot,Layup Shot,2PT Field Goal,Restricted Area,Center(C),Less Than 8 ft.,1,1,12,1,1,20251026,SAS,BKN
Shot Chart Detail,0022500105,510,1642844,Dylan Harper,1610612759,San Antonio Spurs,3,2,58,Missed Shot,Pullup Jump shot,2PT Field Goal,Mid-Range,Right Side Center(RC),16-24 ft.,17,81,152,1,0,20251026,SAS,BKN
Shot Chart Detail,0022500105,526,1642844,Dylan Harper,1610612759,San Antonio Spurs,3,2,3,Missed Shot,Reverse Layup Shot,2PT Field Goal,Restricted Area,Center(C),Less Than 8 ft.,2,-20,-6,1,0,20251026,SAS,BKN
Shot Chart Detail,0022500105,545,1642844,Dylan Harper,1610612759,San Antonio Spurs,3,0,25,Made Shot,Running Layup Shot,2PT Field Goal,Restricted Area,Center(C),Less Than 8 ft.,1,16,-7,1,1,20251026,SAS,BKN
Shot Chart Detail,0022500105,617,1642844,Dylan Harper,1610612759,San Antonio Spurs,4,7,27,Made Shot,Running Layup Shot,2PT Field Goal,Restricted Area,Center(C),Less Than 8 ft.,1,-7,-15,1,1,20251026,SAS,BKN
Shot Chart Detail,0022500105,624,1642844,Dylan Harper,1610612759,San Antonio Spurs,4,6,59,Made Shot,Running Layup Shot,2PT Field Goal,Restricted Area,Center(C),Less Than 8 ft.,1,-9,9,1,1,20251026,SAS,BKN
Shot Chart Detail,0022500105,654,1642844,Dylan Harper,1610612759,San Antonio Spurs,4,4,12,Made Shot,Driving Finger Roll Layup Shot,2PT Field Goal,Restricted Area,Center(C),Less Than 8 ft.,2,28,-2,1,1,20251026,SAS,BKN
Shot Chart Detail,0022500118,71,1642844,Dylan Harper,1610612759,San Antonio Spurs,1,6,3,Made Shot,Driving Floating Jump Shot,2PT Field Goal,In The Paint (Non-RA),Right Side(R),8-16 ft.,9,75,59,1,1,20251027,SAS,TOR
Shot Chart Detail,0022500118,112,1642844,Dylan Harper,1610612759,San Antonio Spurs,1,3,2,Made Shot,Jump Shot,3PT Field Goal,Above the Break 3,Left Side Center(LC),24+ ft.,24,-183,168,1,1,20251027,SAS,TOR
Shot Chart Detail,0022500118,156,1642844,Dylan Harper,1610612759,San Antonio Spurs,1,0,45,Missed Shot,Driving Reverse Layup Shot,2PT Field Goal,Restricted Area,Center(C),Less Than 8 ft.,0,0,6,1,0,20251027,SAS,TOR
Shot Chart Detail,0022500118,165,1642844,Dylan Harper,1610612759,San Antonio Spurs,1,0,0,Made Shot,Driving Finger Roll Layup Shot,2PT Field Goal,Restricted Area,Center(C),Less Than 8 ft.,1,7,10,1,1,20251027,SAS,TOR
Shot Chart Detail,0022500118,184,1642844,Dylan Harper,1610612759,San Antonio Spurs,2,10,39,Made Shot,Jump Shot,2PT Field Goal,Mid-Range,Right Side Center(RC),16-24 ft.,19,102,163,1,1,20251027,SAS,TOR
Shot Chart Detail,0022500118,444,1642844,Dylan Harper,1610612759,San Antonio Spurs,3,4,22,Missed Shot,Driving Layup Shot,2PT Field Goal,Restricted Area,Center(C),Less Than 8 ft.,3,-23,27,1,0,20251027,SAS,TOR
Shot Chart Detail,0022500118,510,1642844,Dylan Harper,1610612759,San Antonio Spurs,3,0,19,Missed Shot,Driving Layup Shot,2PT Field Goal,Restricted Area,Center(C),Less Than 8 ft.,1,7,13,1,0,20251027,SAS,TOR
Shot Chart Detail,0022500118,545,1642844,Dylan Harper,1610612759,San Antonio Spurs,4,10,58,Missed Shot,Driving Layup Shot,2PT Field Goal,In The Paint (Non-RA),Center(C),Less Than 8 ft.,5,48,22,1,0,20251027,SAS,TOR
Shot Chart Detail,0022500118,551,1642844,Dylan Harper,1610612759,San Antonio Spurs,4,10,41,Missed Shot,Jump Shot,3PT Field Goal,Above the Break 3,Center(C),24+ ft.,25,69,248,1,0,20251027,SAS,TOR
Shot Chart Detail,0022500141,93,1642844,Dylan Harper,1610612759,San Antonio Spurs,1,5,8,Missed Shot,Finger Roll Layup Shot,2PT Field Goal,Restricted Area,Center(C),Less Than 8 ft.,3,21,25,1,0,20251030,SAS,MIA
Shot Chart Detail,0022500141,148,1642844,Dylan Harper,1610612759,San Antonio Spurs,1,1,45,Made Shot,Jump Shot,3PT Field Goal,Left Corner 3,Left Side(L),24+ ft.,23,-232,44,1,1,20251030,SAS,MIA
Shot Chart Detail,0022500141,163,1642844,Dylan Harper,1610612759,San Antonio Spurs,1,0,57,Missed Shot,Running Finger Roll Layup Shot,2PT Field Goal,Restricted Area,Center(C),Less Than 8 ft.,3,-26,26,1,0,20251030,SAS,MIA
Shot Chart Detail,0022500141,171,1642844,Dylan Harper,1610612759,San Antonio Spurs,1,0,10,Missed Shot,Pullup Jump shot,3PT Field Goal,Above the Break 3,Left Side Center(LC),24+ ft.,26,-156,217,1,0,20251030,SAS,MIA
Shot Chart Detail,0022500141,181,1642844,Dylan Harper,1610612759,San Antonio Spurs,2,11,38,Made Shot,Jump Shot,3PT Field Goal,Left Corner 3,Left Side(L),24+ ft.,24,-239,44,1,1,20251030,SAS,MIA
Shot Chart Detail,0022500141,201,1642844,Dylan Harper,1610612759,San Antonio Spurs,2,9,56,Made Shot,Driving Finger Roll Layup Shot,2PT Field Goal,Restricted Area,Center(C),Less Than 8 ft.,2,28,7,1,1,20251030,SAS,MIA
Shot Chart Detail,0022500141,229,1642844,Dylan Harper,1610612759,San Antonio Spurs,2,7,39,Made Shot,Driving Floating Bank Jump Shot,2PT Field Goal,In The Paint (Non-RA),Center(C),Less Than 8 ft.,5,-26,43,1,1,20251030,SAS,MIA
Shot Chart Detail,0022500141,255,1642844,Dylan Harper,1610612759,San Antonio Spurs,2,5,49,Missed Shot,Step Back Jump shot,3PT Field Goal,Above the Break 3,Right Side Center(RC),24+ ft.,26,150,217,1,0,20251030,SAS,MIA
Shot Chart Detail,0022500141,327,1642844,Dylan Harper,1610612759,San Antonio Spurs,2,1,6,Made Shot,Running Layup Shot,2PT Field Goal,Restricted Area,Center(C),Less Than 8 ft.,0,-3,3,1,1,20251030,SAS,MIA
Shot Chart Detail,0022500141,510,1642844,Dylan Harper,1610612759,San Antonio Spurs,4,11,36,Missed Shot,Jump Shot,3PT Field Goal,Above the Break 3,Right Side Center(RC),24+ ft.,24,152,192,1,0,20251030,SAS,MIA
Shot Chart Detail,0022500154,53,1642844,Dylan Harper,1610612759,San Antonio Spurs,1,6,51,Made Shot,Driving Layup Shot,2PT Field Goal,Restricted Area,Center(C),Less Than 8 ft.,1,0,14,1,1,20251102,PHX,SAS
Shot Chart Detail,0022500154,80,1642844,Dylan Harper,1610612759,San Antonio Spurs,1,5,6,Missed Shot,Driving Floating Jump Shot,2PT Field Goal,Mid-Range,Right Side(R),8-16 ft.,10,86,63,1,0,20251102,PHX,SAS
Shot Chart Detail,0022500154,99,1642844,Dylan Harper,1610612759,San Antonio Spurs,1,3,36,Made Shot,Pullup Jump shot,2PT Field Goal,Mid-Range,Right Side(R),8-16 ft.,12,127,-12,1,1,20251102,PHX,SAS
Shot Chart Detail,0022500154,112,1642844,Dylan Harper,1610612759,San Antonio Spurs,1,2,32,Made Shot,Driving Floating Jump Shot,2PT Field Goal,In The Paint (Non-RA),Center(C),Less Than 8 ft.,4,13,41,1,1,20251102,PHX,SAS
Shot Chart Detail,0022500154,136,1642844,Dylan Harper,1610612759,San Antonio Spurs,1,0,24,Missed Shot,Finger Roll Layup Shot,2PT Field Goal,Restricted Area,Center(C),Less Than 8 ft.,2,0,21,1,0,20251102,PHX,SAS
Shot Chart Detail,0022500154,212,1642844,Dylan Harper,1610612759,San Antonio Spurs,2,8,13,Made Shot,Driving Layup Shot,2PT Field Goal,Restricted Area,Center(C),Less Than 8 ft.,1,11,-1,1,1,20251102,PHX,SAS
Shot Chart Detail,0022500154,245,1642844,Dylan Harper,1610612759,San Antonio Spurs,2,6,19,Made Shot,Putback Layup Shot,2PT Field Goal,Restricted Area,Center(C),Less Than 8 ft.,0,0,0,1,1,20251102,PHX,SAS
Shot Chart Detail,0022500154,248,1642844,Dylan Harper,1610612759,San Antonio Spurs,2,5,49,Missed Shot,Driving Layup Shot,2PT Field Goal,Restricted Area,Center(C),Less Than 8 ft.,2,2,29,1,0,20251102,PHX,SAS
Shot Chart Detail,0022500306,61,1642844,Dylan Harper,1610612759,San Antonio Spurs,1,5,49,Made Shot,Driving Layup Shot,2PT Field Goal,In The Paint (Non-RA),Center(C),Less Than 8 ft.,5,44,34,1,1,20251130,MIN,SAS
Shot Chart Detail,0022500306,80,1642844,Dylan Harper,1610612759,San Antonio Spurs,1,4,58,Missed Shot,Jump Shot,3PT Field Goal,Above the Break 3,Center(C),24+ ft.,24,59,239,1,0,20251130,MIN,SAS
Shot Chart Detail,0022500306,86,1642844,Dylan Harper,1610612759,San Antonio Spurs,1,4,24,Made Shot,Driving Layup Shot,2PT Field Goal,Restricted Area,Center(C),Less Than 8 ft.,2,20,13,1,1,20251130,MIN,SAS
Shot Chart Detail,0022500306,205,1642844,Dylan Harper,1610612759,San Antonio Spurs,2,8,12,Made Shot,Driving Bank Hook Shot,2PT Field Goal,In The Paint (Non-RA),Center(C),Less Than 8 ft.,6,-43,43,1,1,20251130,MIN,SAS
Shot Chart Detail,0022500306,208,1642844,Dylan Harper,1610612759,San Antonio Spurs,2,7,50,Made Shot,Running Layup Shot,2PT Field Goal,Restricted Area,Center(C),Less Than 8 ft.,2,-25,7,1,1,20251130,MIN,SAS
Shot Chart Detail,0022500306,243,1642844,Dylan Harper,1610612759,San Antonio Spurs,2,5,38,Missed Shot,Pullup Jump shot,2PT Field Goal,Mid-Range,Left Side Center(LC),16-24 ft.,18,-87,163,1,0,20251130,MIN,SAS
Shot Chart Detail,0022500306,416,1642844,Dylan Harper,1610612759,San Antonio Spurs,3,4,3,Made Shot,Driving Finger Roll Layup Shot,2PT Field Goal,Restricted Area,Center(C),Less Than 8 ft.,0,2,5,1,1,20251130,MIN,SAS
Shot Chart Detail,0022500306,425,1642844,Dylan Harper,1610612759,San Antonio Spurs,3,3,12,Made Shot,Running Finger Roll Layup Shot,2PT Field Goal,Restricted Area,Center(C),Less Than 8 ft.,2,-18,13,1,1,20251130,MIN,SAS
Shot Chart Detail,0022500306,514,1642844,Dylan Harper,1610612759,San Antonio Spurs,4,8,43,Made Shot,Driving Layup Shot,2PT Field Goal,Restricted Area,Center(C),Less Than 8 ft.,2,-18,9,1,1,20251130,MIN,SAS
Shot Chart Detail,0022500306,538,1642844,Dylan Harper,1610612759,San Antonio Spurs,4,6,8,Missed Shot,Turnaround Jump Shot,2PT Field Goal,In The Paint (Non-RA),Center(C),8-16 ft.,12,10,125,1,0,20251130,MIN,SAS
Shot Chart Detail,0022500306,610,1642844,Dylan Harper,1610612759,San Antonio Spurs,4,1,29,Made Shot,Driving Floating Jump Shot,2PT Field Goal,In The Paint (Non-RA),Center(C),Less Than 8 ft.,4,-7,48,1,1,20251130,MIN,SAS
Shot Chart Detail,0022500306,627,1642844,Dylan Harper,1610612759,San Antonio Spurs,4,0,57,Missed Shot,Pullup Jump shot,3PT Field Goal,Above the Break 3,Center(C),24+ ft.,24,-56,237,1,0,20251130,MIN,SAS
Shot Chart Detail,0022500322,91,1642844,Dylan Harper,1610612759,San Antonio Spurs,1,4,56,Missed Shot,Driving Layup Shot,2PT Field Goal,Restricted Area,Center(C),Less Than 8 ft.,1,15,6,1,0,20251202,SAS,MEM
Shot Chart Detail,0022500322,96,1642844,Dylan Harper,1610612759,San Antonio Spurs,1,4,26,Made Shot,Driving Finger Roll Layup Shot,2PT Field Goal,Restricted Area,Center(C),Less Than 8 ft.,1,0,10,1,1,20251202,SAS,MEM
Shot Chart Detail,0022500322,121,1642844,Dylan Harper,1610612759,San Antonio Spurs,1,2,59,Made Shot,Running Layup Shot,2PT Field Goal,Restricted Area,Center(C),Less Than 8 ft.,2,-25,-1,1,1,20251202,SAS,MEM
Shot Chart Detail,0022500322,242,1642844,Dylan Harper,1610612759,San Antonio Spurs,2,7,18,Made Shot,Driving Finger Roll Layup Shot,2PT Field Goal,Restricted Area,Center(C),Less Than 8 ft.,1,15,1,1,1,20251202,SAS,MEM
Shot Chart Detail,0022500322,278,1642844,Dylan Harper,1610612759,San Antonio Spurs,2,5,29,Missed Shot,Finger Roll Layup Shot,2PT Field Goal,Restricted Area,Center(C),Less Than 8 ft.,1,12,8,1,0,20251202,SAS,MEM
Shot Chart Detail,0022500322,360,1642844,Dylan Harper,1610612759,San Antonio Spurs,2,0,31,Missed Shot,Driving Layup Shot,2PT Field Goal,Restricted Area,Center(C),Less Than 8 ft.,2,-10,18,1,0,20251202,SAS,MEM
Shot Chart Detail,0022500322,453,1642844,Dylan Harper,1610612759,San Antonio Spurs,3,6,8,Missed Shot,Driving Reverse Layup Shot,2PT Field Goal,Restricted Area,Center(C),Less Than 8 ft.,2,-22,-5,1,0,20251202,SAS,MEM
Shot Chart Detail,0022500322,475,1642844,Dylan Harper,1610612759,San Antonio Spurs,3,5,3,Missed Shot,Jump Shot,3PT Field Goal,Above the Break 3,Left Side Center(LC),24+ ft.,24,-100,229,1,0,20251202,SAS,MEM
Shot Chart Detail,0022500322,669,1642844,Dylan Harper,1610612759,San Antonio Spurs,4,5,43,Made Shot,Jump Shot,3PT Field Goal,Right Corner 3,Right Side(R),24+ ft.,22,224,19,1,1,20251202,SAS,MEM
Shot Chart Detail,0022500322,673,1642844,Dylan Harper,1610612759,San Antonio Spurs,4,5,5,Made Shot,Driving Finger Roll Layup Shot,2PT Field Goal,Restricted Area,Center(C),Less Than 8 ft.,1,-18,5,1,1,20251202,SAS,MEM
Shot Chart Detail,0022500326,77,1642844,Dylan Harper,1610612759,San Antonio Spurs,1,5,45,Made Shot,Driving Reverse Layup Shot,2PT Field Goal,Restricted Area,Center(C),Less Than 8 ft.,3,23,20,1,1,20251203,ORL,SAS
Shot Chart Detail,0022500326,84,1642844,Dylan Harper,1610612759,San Antonio Spurs,1,4,46,Missed Shot,Driving Layup Shot,2PT Field Goal,Restricted Area,Center(C),Less Than 8 ft.,3,-4,33,1,0,20251203,ORL,SAS
Shot Chart Detail,0022500326,110,1642844,Dylan Harper,1610612759,San Antonio Spurs,1,3,55,Made Shot,Pullup Jump shot,2PT Field Goal,Mid-Range,Right Side Center(RC),16-24 ft.,17,66,163,1,1,20251203,ORL,SAS
Shot Chart Detail,0022500326,113,1642844,Dylan Harper,1610612759,San Antonio Spurs,1,3,29,Missed Shot,Running Jump Shot,3PT Field Goal,Right Corner 3,Right Side(R),24+ ft.,23,238,-3,1,0,20251203,ORL,SAS
Shot Chart Detail,0022500326,256,1642844,Dylan Harper,1610612759,San Antonio Spurs,2,6,34,Missed Shot,Jump Shot,3PT Field Goal,Above the Break 3,Center(C),24+ ft.,28,-75,277,1,0,20251203,ORL,SAS
Shot Chart Detail,0022500326,292,1642844,Dylan Harper,1610612759,San Antonio Spurs,2,3,35,Missed Shot,Turnaround Jump Shot,2PT Field Goal,Mid-Range,Right Side(R),8-16 ft.,13,89,95,1,0,20251203,ORL,SAS
Shot Chart Detail,0022500326,455,1642844,Dylan Harper,1610612759,San Antonio Spurs,3,3,9,Missed Shot,Driving Layup Shot,2PT Field Goal,In The Paint (Non-RA),Center(C),Less Than 8 ft.,6,-58,29,1,0,20251203,ORL,SAS
Shot Chart Detail,0022500326,546,1642844,Dylan Harper,1610612759,San Antonio Spurs,4,10,20,Made Shot,Running Layup Shot,2PT Field Goal,Restricted Area,Center(C),Less Than 8 ft.,2,16,13,1,1,20251203,ORL,SAS
Shot Chart Detail,0022500326,563,1642844,Dylan Harper,1610612759,San Antonio Spurs,4,9,20,Made Shot,Pullup Jump shot,2PT Field Goal,In The Paint (Non-RA),Right Side(R),8-16 ft.,8,78,38,1,1,20251203,ORL,SAS
Shot Chart Detail,0022500326,568,1642844,Dylan Harper,1610612759,San Antonio Spurs,4,8,38,Missed Shot,Driving Floating Jump Shot,2PT Field Goal,Mid-Range,Right Side(R),8-16 ft.,9,99,5,1,0,20251203,ORL,SAS
Shot Chart Detail,0022500326,581,1642844,Dylan Harper,1610612759,San Antonio Spurs,4,8,15,Missed Shot,Pullup Jump shot,2PT Field Goal,In The Paint (Non-RA),Center(C),Less Than 8 ft.,6,-10,66,1,0,20251203,ORL,SAS
Shot Chart Detail,0022500326,632,1642844,Dylan Harper,1610612759,San Antonio Spurs,4,4,25,Made Shot,Pullup Jump shot,3PT Field Goal,Above the Break 3,Left Side Center(LC),24+ ft.,26,-103,247,1,1,20251203,ORL,SAS
Shot Chart Detail,0022500341,78,1642844,Dylan Harper,1610612759,San Antonio Spurs,1,6,51,Missed Shot,Layup Shot,2PT Field Goal,Restricted Area,Center(C),Less Than 8 ft.,1,-10,16,1,0,20251205,CLE,SAS
Shot Chart Detail,0022500341,94,1642844,Dylan Harper,1610612759,San Antonio Spurs,1,5,30,Missed Shot,Jump Shot,3PT Field Goal,Above the Break 3,Left Side Center(LC),24+ ft.,24,-189,158,1,0,20251205,CLE,SAS
Shot Chart Detail,0022500341,103,1642844,Dylan Harper,1610612759,San Antonio Spurs,1,4,41,Missed Shot,Driving Floating Bank Jump Shot,2PT Field Goal,Mid-Range,Right Side(R),8-16 ft.,10,91,47,1,0,20251205,CLE,SAS
Shot Chart Detail,0022500341,154,1642844,Dylan Harper,1610612759,San Antonio Spurs,1,2,13,Missed Shot,Jump Shot,3PT Field Goal,Above the Break 3,Center(C),24+ ft.,25,1,253,1,0,20251205,CLE,SAS
Shot Chart Detail,0022500341,256,1642844,Dylan Harper,1610612759,San Antonio Spurs,2,7,23,Missed Shot,Jump Shot,3PT Field Goal,Above the Break 3,Right Side Center(RC),24+ ft.,26,221,143,1,0,20251205,CLE,SAS
Shot Chart Detail,0022500341,293,1642844,Dylan Harper,1610612759,San Antonio Spurs,2,4,16,Missed Shot,Driving Finger Roll Layup Shot,2PT Field Goal,Restricted Area,Center(C),Less Than 8 ft.,1,7,13,1,0,20251205,CLE,SAS
Shot Chart Detail,0022500341,326,1642844,Dylan Harper,1610612759,San Antonio Spurs,2,2,59,Missed Shot,Running Layup Shot,2PT Field Goal,Restricted Area,Center(C),Less Than 8 ft.,1,9,9,1,0,20251205,CLE,SAS
Shot Chart Detail,0022500341,459,1642844,Dylan Harper,1610612759,San Antonio Spurs,3,5,50,Missed Shot,Turnaround Fadeaway shot,2PT Field Goal,Mid-Range,Right Side(R),8-16 ft.,8,86,2,1,0,20251205,CLE,SAS
Shot Chart Detail,0022500341,476,1642844,Dylan Harper,1610612759,San Antonio Spurs,3,4,15,Missed Shot,Jump Shot,3PT Field Goal,Above the Break 3,Right Side Center(RC),24+ ft.,26,199,174,1,0,20251205,CLE,SAS
Shot Chart Detail,0022500341,706,1642844,Dylan Harper,1610612759,San Antonio Spurs,4,2,17,Made Shot,Driving Finger Roll Layup Shot,2PT Field Goal,Restricted Area,Center(C),Less Than 8 ft.,1,9,8,1,1,20251205,CLE,SAS
Shot Chart Detail,0022500341,710,1642844,Dylan Harper,1610612759,San Antonio Spurs,4,1,45,Missed Shot,Jump Shot,3PT Field Goal,Right Corner 3,Right Side(R),24+ ft.,23,234,38,1,0,20251205,CLE,SAS
Shot Chart Detail,0022500366,106,1642844,Dylan Harper,1610612759,San Antonio Spurs,1,4,52,Made Shot,Driving Layup Shot,2PT Field Goal,Restricted Area,Center(C),Less Than 8 ft.,2,20,3,1,1,20251208,NOP,SAS
Shot Chart Detail,0022500366,122,1642844,Dylan Harper,1610612759,San Antonio Spurs,1,3,33,Missed Shot,Pullup Jump shot,2PT Field Goal,Mid-Range,Right Side Center(RC),16-24 ft.,20,98,176,1,0,20251208,NOP,SAS
Shot Chart Detail,0022500366,236,1642844,Dylan Harper,1610612759,San Antonio Spurs,2,8,2,Made Shot,Driving Layup Shot,2PT Field Goal,Restricted Area,Center(C),Less Than 8 ft.,2,20,8,1,1,20251208,NOP,SAS
Shot Chart Detail,0022500366,260,1642844,Dylan Harper,1610612759,San Antonio Spurs,2,6,31,Made Shot,Driving Floating Jump Shot,2PT Field Goal,Restricted Area,Center(C),Less Than 8 ft.,2,4,20,1,1,20251208,NOP,SAS
Shot Chart Detail,0022500366,266,1642844,Dylan Harper,1610612759,San Antonio Spurs,2,5,37,Made Shot,Pullup Jump shot,3PT Field Goal,Above the Break 3,Right Side Center(RC),24+ ft.,25,112,227,1,1,20251208,NOP,SAS
Shot Chart Detail,0022500366,319,1642844,Dylan Harper,1610612759,San Antonio Spurs,2,2,12,Made Shot,Driving Layup Shot,2PT Field Goal,Restricted Area,Center(C),Less Than 8 ft.,1,-11,-2,1,1,20251208,NOP,SAS
Shot Chart Detail,0022500366,336,1642844,Dylan Harper,1610612759,San Antonio Spurs,2,0,52,Made Shot,Running Layup Shot,2PT Field Goal,Restricted Area,Center(C),Less Than 8 ft.,2,20,6,1,1,20251208,NOP,SAS
Shot Chart Detail,0022500366,406,1642844,Dylan Harper,1610612759,San Antonio Spurs,3,7,14,Missed Shot,Driving Layup Shot,2PT Field Goal,Restricted Area,Center(C),Less Than 8 ft.,2,15,15,1,0,20251208,NOP,SAS
Shot Chart Detail,0022500366,425,1642844,Dylan Harper,1610612759,San Antonio Spurs,3,6,18,Missed Shot,Driving Reverse Layup Shot,2PT Field Goal,Restricted Area,Center(C),Less Than 8 ft.,1,17,7,1,0,20251208,NOP,SAS
Shot Chart Detail,0022500366,542,1642844,Dylan Harper,1610612759,San Antonio Spurs,4,11,11,Missed Shot,Jump Shot,3PT Field Goal,Above the Break 3,Left Side Center(LC),24+ ft.,26,-184,185,1,0,20251208,NOP,SAS
Shot Chart Detail,0022500366,589,1642844,Dylan Harper,1610612759,San Antonio Spurs,4,8,47,Missed Shot,Step Back Jump shot,3PT Field Goal,Right Corner 3,Right Side(R),24+ ft.,23,229,57,1,0,20251208,NOP,SAS
Shot Chart Detail,0022500366,633,1642844,Dylan Harper,1610612759,San Antonio Spurs,4,6,13,Made Shot,Driving Layup Shot,2PT Field Goal,Restricted Area,Center(C),Less Than 8 ft.,3,-16,33,1,1,20251208,NOP,SAS
Shot Chart Detail,0022500366,670,1642844,Dylan Harper,1610612759,San Antonio Spurs,4,4,2,Made Shot,Layup Shot,2PT Field Goal,Restricted Area,Center(C),Less Than 8 ft.,1,15,12,1,1,20251208,NOP,SAS
Shot Chart Detail,0022500366,677,1642844,Dylan Harper,1610612759,San Antonio Spurs,4,3,21,Missed Shot,Jump Shot,2PT Field Goal,In The Paint (Non-RA),Left Side(L),8-16 ft.,11,-77,91,1,0,20251208,NOP,SAS
Shot Chart Detail,0022500366,694,1642844,Dylan Harper,1610612759,San Antonio Spurs,4,2,17,Made Shot,Driving Layup Shot,2PT Field Goal,Restricted Area,Center(C),Less Than 8 ft.,2,-1,23,1,1,20251208,NOP,SAS
Shot Chart Detail,0022500366,709,1642844,Dylan Harper,1610612759,San Antonio Spurs,4,0,9,Made Shot,Driving Layup Shot,2PT Field Goal,Restricted Area,Center(C),Less Than 8 ft.,2,17,12,1,1,20251208,NOP,SAS
Shot Chart Detail,0022500370,98,1642844,Dylan Harper,1610612759,San Antonio Spurs,1,5,37,Made Shot,Running Finger Roll Layup Shot,2PT Field Goal,Restricted Area,Center(C),Less Than 8 ft.,1,-10,1,1,1,20251218,SAS,WAS
Shot Chart Detail,0022500370,105,1642844,Dylan Harper,1610612759,San Antonio Spurs,1,5,10,Missed Shot,Driving Layup Shot,2PT Field Goal,Restricted Area,Center(C),Less Than 8 ft.,2,-23,-3,1,0,20251218,SAS,WAS
Shot Chart Detail,0022500370,123,1642844,Dylan Harper,1610612759,San Antonio Spurs,1,2,44,Made Shot,Jump Shot,3PT Field Goal,Above the Break 3,Right Side Center(RC),24+ ft.,25,174,190,1,1,20251218,SAS,WAS
Shot Chart Detail,0022500370,154,1642844,Dylan Harper,1610612759,San Antonio Spurs,1,0,54,Made Shot,Driving Dunk Shot,2PT Field Goal,Restricted Area,Center(C),Less Than 8 ft.,0,-4,4,1,1,20251218,SAS,WAS
Shot Chart Detail,0022500370,253,1642844,Dylan Harper,1610612759,San Antonio Spurs,2,5,51,Missed Shot,Running Finger Roll Layup Shot,2PT Field Goal,Restricted Area,Center(C),Less Than 8 ft.,2,-22,1,1,0,20251218,SAS,WAS
Shot Chart Detail,0022500370,257,1642844,Dylan Harper,1610612759,San Antonio Spurs,2,5,26,Made Shot,Jump Shot,3PT Field Goal,Above the Break 3,Left Side Center(LC),24+ ft.,25,-188,178,1,1,20251218,SAS,WAS
Shot Chart Detail,0022500370,414,1642844,Dylan Harper,1610612759,San Antonio Spurs,3,5,54,Made Shot,Jump Shot,3PT Field Goal,Above the Break 3,Center(C),24+ ft.,25,-11,252,1,1,20251218,SAS,WAS
Shot Chart Detail,0022500370,441,1642844,Dylan Harper,1610612759,San Antonio Spurs,3,4,21,Made Shot,Driving Finger Roll Layup Shot,2PT Field Goal,Restricted Area,Center(C),Less Than 8 ft.,1,-7,9,1,1,20251218,SAS,WAS
Shot Chart Detail,0022500370,458,1642844,Dylan Harper,1610612759,San Antonio Spurs,3,3,17,Made Shot,Running Pull-Up Jump Shot,2PT Field Goal,Mid-Range,Right Side Center(RC),16-24 ft.,22,150,169,1,1,20251218,SAS,WAS
Shot Chart Detail,0022500370,462,1642844,Dylan Harper,1610612759,San Antonio Spurs,3,2,55,Missed Shot,Running Jump Shot,3PT Field Goal,Above the Break 3,Right Side Center(RC),24+ ft.,25,205,152,1,0,20251218,SAS,WAS
Shot Chart Detail,0022500370,470,1642844,Dylan Harper,1610612759,San Antonio Spurs,3,2,26,Missed Shot,Jump Shot,3PT Field Goal,Above the Break 3,Right Side Center(RC),24+ ft.,25,201,151,1,0,20251218,SAS,WAS
Shot Chart Detail,0022500370,596,1642844,Dylan Harper,1610612759,San Antonio Spurs,4,6,22,Made Shot,Driving Finger Roll Layup Shot,2PT Field Goal,Restricted Area,Center(C),Less Than 8 ft.,2,20,3,1,1,20251218,SAS,WAS
Shot Chart Detail,0022500370,632,1642844,Dylan Harper,1610612759,San Antonio Spurs,4,3,41,Made Shot,Driving Dunk Shot,2PT Field Goal,Restricted Area,Center(C),Less Than 8 ft.,0,0,-2,1,1,20251218,SAS,WAS
Shot Chart Detail,0022500383,120,1642844,Dylan Harper,1610612759,San Antonio Spurs,1,2,32,Made Shot,Driving Layup Shot,2PT Field Goal,Restricted Area,Center(C),Less Than 8 ft.,1,-16,0,1,1,20251219,ATL,SAS
Shot Chart Detail,0022500383,152,1642844,Dylan Harper,1610612759,San Antonio Spurs,1,0,5,Missed Shot,Driving Layup Shot,2PT Field Goal,Restricted Area,Center(C),Less Than 8 ft.,1,11,0,1,0,20251219,ATL,SAS
Shot Chart Detail,0022500383,175,1642844,Dylan Harper,1610612759,San Antonio Spurs,2,10,46,Made Shot,Running Layup Shot,2PT Field Goal,Restricted Area,Center(C),Less Than 8 ft.,0,2,-4,1,1,20251219,ATL,SAS
Shot Chart Detail,0022500383,185,1642844,Dylan Harper,1610612759,San Antonio Spurs,2,10,30,Made Shot,Driving Layup Shot,2PT Field Goal,Restricted Area,Center(C),Less Than 8 ft.,3,22,24,1,1,20251219,ATL,SAS
Shot Chart Detail,0022500383,189,1642844,Dylan Harper,1610612759,San Antonio Spurs,2,10,6,Missed Shot,Driving Layup Shot,2PT Field Goal,Restricted Area,Center(C),Less Than 8 ft.,1,9,11,1,0,20251219,ATL,SAS
Shot Chart Detail,0022500383,479,1642844,Dylan Harper,1610612759,San Antonio Spurs,3,2,30,Missed Shot,Driving Reverse Layup Shot,2PT Field Goal,Restricted Area,Center(C),Less Than 8 ft.,1,2,11,1,0,20251219,ATL,SAS
Shot Chart Detail,0022500399,95,1642844,Dylan Harper,1610612759,San Antonio Spurs,1,5,18,Missed Shot,Jump Shot,3PT Field Goal,Above the Break 3,Left Side Center(LC),24+ ft.,26,-205,162,1,0,20251221,WAS,SAS
Shot Chart Detail,0022500399,112,1642844,Dylan Harper,1610612759,San Antonio Spurs,1,3,42,Missed Shot,Pullup Jump shot,3PT Field Goal,Above the Break 3,Right Side Center(RC),24+ ft.,28,157,236,1,0,20251221,WAS,SAS
Shot Chart Detail,0022500399,307,1642844,Dylan Harper,1610612759,San Antonio Spurs,2,5,30,Missed Shot,Pullup Jump shot,2PT Field Goal,In The Paint (Non-RA),Center(C),8-16 ft.,12,58,111,1,0,20251221,WAS,SAS
Shot Chart Detail,0022500399,322,1642844,Dylan Harper,1610612759,San Antonio Spurs,2,4,40,Missed Shot,Jump Shot,3PT Field Goal,Above the Break 3,Right Side Center(RC),24+ ft.,27,112,255,1,0,20251221,WAS,SAS
Shot Chart Detail,0022500399,337,1642844,Dylan Harper,1610612759,San Antonio Spurs,2,3,34,Missed Shot,Step Back Jump shot,3PT Field Goal,Above the Break 3,Center(C),24+ ft.,25,-80,247,1,0,20251221,WAS,SAS
Shot Chart Detail,0022500399,501,1642844,Dylan Harper,1610612759,San Antonio Spurs,3,5,5,Missed Shot,Driving Floating Jump Shot,2PT Field Goal,In The Paint (Non-RA),Center(C),Less Than 8 ft.,5,42,42,1,0,20251221,WAS,SAS
Shot Chart Detail,0022500399,650,1642844,Dylan Harper,1610612759,San Antonio Spurs,4,8,2,Missed Shot,Driving Layup Shot,2PT Field Goal,Restricted Area,Center(C),Less Than 8 ft.,1,-6,11,1,0,20251221,WAS,SAS
Shot Chart Detail,0022500399,667,1642844,Dylan Harper,1610612759,San Antonio Spurs,4,7,13,Missed Shot,Running Reverse Layup Shot,2PT Field Goal,Restricted Area,Center(C),Less Than 8 ft.,3,32,6,1,0,20251221,WAS,SAS
Shot Chart Detail,0022500417,93,1642844,Dylan Harper,1610612759,San Antonio Spurs,1,5,11,Missed Shot,Driving Floating Jump Shot,2PT Field Goal,In The Paint (Non-RA),Center(C),Less Than 8 ft.,7,-48,62,1,0,20251223,SAS,OKC
Shot Chart Detail,0022500417,450,1642844,Dylan Harper,1610612759,San Antonio Spurs,3,3,1,Made Shot,Running Dunk Shot,2PT Field Goal,Restricted Area,Center(C),Less Than 8 ft.,1,16,5,1,1,20251223,SAS,OKC
Shot Chart Detail,0022500417,576,1642844,Dylan Harper,1610612759,San Antonio Spurs,4,5,24,Made Shot,Layup Shot,2PT Field Goal,Restricted Area,Center(C),Less Than 8 ft.,1,-15,-10,1,1,20251223,SAS,OKC
Shot Chart Detail,0022500440,142,1642844,Dylan Harper,1610612759,San Antonio Spurs,1,0,32,Made Shot,Driving Finger Roll Layup Shot,2PT Field Goal,Restricted Area,Center(C),Less Than 8 ft.,0,-1,3,1,1,20251227,SAS,UTA
Shot Chart Detail,0022500440,154,1642844,Dylan Harper,1610612759,San Antonio Spurs,2,11,27,Missed Shot,Running Layup Shot,2PT Field Goal,Restricted Area,Center(C),Less Than 8 ft.,2,-20,9,1,0,20251227,SAS,UTA
Shot Chart Detail,0022500440,261,1642844,Dylan Harper,1610612759,San Antonio Spurs,2,4,29,Made Shot,Running Layup Shot,2PT Field Goal,Restricted Area,Center(C),Less Than 8 ft.,0,9,3,1,1,20251227,SAS,UTA
Shot Chart Detail,0022500440,277,1642844,Dylan Harper,1610612759,San Antonio Spurs,2,3,20,Missed Shot,Jump Shot,3PT Field Goal,Above the Break 3,Right Side Center(RC),24+ ft.,25,120,222,1,0,20251227,SAS,UTA
Shot Chart Detail,0022500440,326,1642844,Dylan Harper,1610612759,San Antonio Spurs,2,0,27,Missed Shot,Jump Shot,3PT Field Goal,Left Corner 3,Left Side(L),24+ ft.,22,-224,19,1,0,20251227,SAS,UTA
Shot Chart Detail,0022500440,438,1642844,Dylan Harper,1610612759,San Antonio Spurs,3,5,17,Made Shot,Driving Dunk Shot,2PT Field Goal,Restricted Area,Center(C),Less Than 8 ft.,1,2,17,1,1,20251227,SAS,UTA
Shot Chart Detail,0022500440,494,1642844,Dylan Harper,1610612759,San Antonio Spurs,3,2,1,Missed Shot,Jump Shot,3PT Field Goal,Above the Break 3,Left Side Center(LC),24+ ft.,25,-137,215,1,0,20251227,SAS,UTA
Shot Chart Detail,0022500440,636,1642844,Dylan Harper,1610612759,San Antonio Spurs,4,4,35,Missed Shot,Driving Layup Shot,2PT Field Goal,In The Paint (Non-RA),Center(C),Less Than 8 ft.,6,58,31,1,0,20251227,SAS,UTA
Shot Chart Detail,0022500440,720,1642844,Dylan Harper,1610612759,San Antonio Spurs,4,0,30,Missed Shot,Jump Shot,3PT Field Goal,Above the Break 3,Center(C),24+ ft.,25,-50,251,1,0,20251227,SAS,UTA
Shot Chart Detail,0022500440,723,1642844,Dylan Harper,1610612759,San Antonio Spurs,4,0,25,Missed Shot,Jump Shot,2PT Field Goal,Mid-Range,Left Side(L),16-24 ft.,16,-156,43,1,0,20251227,SAS,UTA
Shot Chart Detail,0022500456,74,1642844,Dylan Harper,1610612759,San Antonio Spurs,1,5,22,Made Shot,Pullup Jump shot,2PT Field Goal,In The Paint (Non-RA),Center(C),8-16 ft.,9,37,90,1,1,20251229,SAS,CLE
Shot Chart Detail,0022500456,120,1642844,Dylan Harper,1610612759,San Antonio Spurs,1,2,23,Missed Shot,Running Layup Shot,2PT Field Goal,Restricted Area,Center(C),Less Than 8 ft.,1,-13,3,1,0,20251229,SAS,CLE
Shot Chart Detail,0022500456,140,1642844,Dylan Harper,1610612759,San Antonio Spurs,1,1,9,Made Shot,Finger Roll Layup Shot,2PT Field Goal,Restricted Area,Center(C),Less Than 8 ft.,1,17,0,1,1,20251229,SAS,CLE
Shot Chart Detail,0022500456,143,1642844,Dylan Harper,1610612759,San Antonio Spurs,1,0,45,Missed Shot,Step Back Jump shot,2PT Field Goal,Mid-Range,Right Side Center(RC),16-24 ft.,17,125,129,1,0,20251229,SAS,CLE
Shot Chart Detail,0022500456,462,1642844,Dylan Harper,1610612759,San Antonio Spurs,3,5,1,Made Shot,Driving Finger Roll Layup Shot,2PT Field Goal,Restricted Area,Center(C),Less Than 8 ft.,1,17,7,1,1,20251229,SAS,CLE
Shot Chart Detail,0022500456,584,1642844,Dylan Harper,1610612759,San Antonio Spurs,4,9,45,Made Shot,Turnaround Jump Shot,2PT Field Goal,In The Paint (Non-RA),Center(C),Less Than 8 ft.,5,-1,52,1,1,20251229,SAS,CLE
Shot Chart Detail,0022500456,598,1642844,Dylan Harper,1610612759,San Antonio Spurs,4,8,17,Missed Shot,Pullup Jump shot,2PT Field Goal,Mid-Range,Left Side(L),8-16 ft.,13,-105,78,1,0,20251229,SAS,CLE
Shot Chart Detail,0022500456,602,1642844,Dylan Harper,1610612759,San Antonio Spurs,4,8,2,Missed Shot,Running Layup Shot,2PT Field Goal,Restricted Area,Center(C),Less Than 8 ft.,2,25,-8,1,0,20251229,SAS,CLE
Shot Chart Detail,0022500456,623,1642844,Dylan Harper,1610612759,San Antonio Spurs,4,6,28,Made Shot,Jump Shot,3PT Field Goal,Left Corner 3,Left Side(L),24+ ft.,23,-239,21,1,1,20251229,SAS,CLE
Shot Chart Detail,0022500456,627,1642844,Dylan Harper,1610612759,San Antonio Spurs,4,6,8,Missed Shot,Jump Shot,3PT Field Goal,Above the Break 3,Center(C),24+ ft.,25,77,246,1,0,20251229,SAS,CLE
Shot Chart Detail,0022500456,635,1642844,Dylan Harper,1610612759,San Antonio Spurs,4,5,20,Missed Shot,Driving Layup Shot,2PT Field Goal,Restricted Area,Center(C),Less Than 8 ft.,1,-10,13,1,0,20251229,SAS,CLE
Shot Chart Detail,0022500467,99,1642844,Dylan Harper,1610612759,San Antonio Spurs,1,4,25,Missed Shot,Step Back Jump shot,2PT Field Goal,In The Paint (Non-RA),Left Side(L),8-16 ft.,14,-74,127,1,0,20251231,SAS,NYK
Shot Chart Detail,0022500467,126,1642844,Dylan Harper,1610612759,San Antonio Spurs,1,2,45,Missed Shot,Jump Shot,3PT Field Goal,Above the Break 3,Right Side Center(RC),24+ ft.,26,168,205,1,0,20251231,SAS,NYK
Shot Chart Detail,0022500467,273,1642844,Dylan Harper,1610612759,San Antonio Spurs,2,6,36,Made Shot,Driving Layup Shot,2PT Field Goal,Restricted Area,Center(C),Less Than 8 ft.,0,6,6,1,1,20251231,SAS,NYK
Shot Chart Detail,0022500467,466,1642844,Dylan Harper,1610612759,San Antonio Spurs,3,7,2,Missed Shot,Running Jump Shot,3PT Field Goal,Right Corner 3,Right Side(R),24+ ft.,23,235,3,1,0,20251231,SAS,NYK
Shot Chart Detail,0022500467,534,1642844,Dylan Harper,1610612759,San Antonio Spurs,3,2,23,Missed Shot,Jump Shot,3PT Field Goal,Above the Break 3,Right Side Center(RC),24+ ft.,27,184,198,1,0,20251231,SAS,NYK
Shot Chart Detail,0022500467,539,1642844,Dylan Harper,1610612759,San Antonio Spurs,3,1,40,Missed Shot,Driving Layup Shot,2PT Field Goal,Restricted Area,Center(C),Less Than 8 ft.,2,-21,3,1,0,20251231,SAS,NYK
Shot Chart Detail,0022500476,90,1642844,Dylan Harper,1610612759,San Antonio Spurs,1,6,49,Missed Shot,Driving Layup Shot,2PT Field Goal,Restricted Area,Center(C),Less Than 8 ft.,3,32,20,1,0,20260102,IND,SAS
Shot Chart Detail,0022500476,135,1642844,Dylan Harper,1610612759,San Antonio Spurs,1,3,10,Missed Shot,Running Finger Roll Layup Shot,2PT Field Goal,Restricted Area,Center(C),Less Than 8 ft.,1,-16,9,1,0,20260102,IND,SAS
Shot Chart Detail,0022500476,173,1642844,Dylan Harper,1610612759,San Antonio Spurs,1,0,5,Made Shot,Driving Floating Jump Shot,2PT Field Goal,Restricted Area,Center(C),Less Than 8 ft.,3,1,31,1,1,20260102,IND,SAS
Shot Chart Detail,0022500476,200,1642844,Dylan Harper,1610612759,San Antonio Spurs,2,11,41,Made Shot,Running Layup Shot,2PT Field Goal,Restricted Area,Center(C),Less Than 8 ft.,3,-32,0,1,1,20260102,IND,SAS
Shot Chart Detail,0022500476,211,1642844,Dylan Harper,1610612759,San Antonio Spurs,2,10,39,Made Shot,Pullup Jump shot,2PT Field Goal,In The Paint (Non-RA),Left Side(L),8-16 ft.,11,-60,98,1,1,20260102,IND,SAS
Shot Chart Detail,0022500476,224,1642844,Dylan Harper,1610612759,San Antonio Spurs,2,9,35,Made Shot,Running Dunk Shot,2PT Field Goal,Restricted Area,Center(C),Less Than 8 ft.,1,-9,6,1,1,20260102,IND,SAS
Shot Chart Detail,0022500476,250,1642844,Dylan Harper,1610612759,San Antonio Spurs,2,7,17,Made Shot,Running Jump Shot,3PT Field Goal,Right Corner 3,Right Side(R),24+ ft.,22,228,5,1,1,20260102,IND,SAS
Shot Chart Detail,0022500476,442,1642844,Dylan Harper,1610612759,San Antonio Spurs,3,6,34,Made Shot,Driving Finger Roll Layup Shot,2PT Field Goal,Restricted Area,Center(C),Less Than 8 ft.,2,17,15,1,1,20260102,IND,SAS
Shot Chart Detail,0022500476,523,1642844,Dylan Harper,1610612759,San Antonio Spurs,3,1,37,Missed Shot,Driving Layup Shot,2PT Field Goal,Restricted Area,Center(C),Less Than 8 ft.,3,-32,8,1,0,20260102,IND,SAS
Shot Chart Detail,0022500476,600,1642844,Dylan Harper,1610612759,San Antonio Spurs,4,9,10,Made Shot,Turnaround Fadeaway shot,2PT Field Goal,In The Paint (Non-RA),Center(C),Less Than 8 ft.,7,-7,75,1,1,20260102,IND,SAS
Shot Chart Detail,0022500476,616,1642844,Dylan Harper,1610612759,San Antonio Spurs,4,7,58,Made Shot,Driving Layup Shot,2PT Field Goal,Restricted Area,Center(C),Less Than 8 ft.,2,-26,11,1,1,20260102,IND,SAS
Shot Chart Detail,0022500476,646,1642844,Dylan Harper,1610612759,San Antonio Spurs,4,5,42,Missed Shot,Running Layup Shot,2PT Field Goal,In The Paint (Non-RA),Center(C),Less Than 8 ft.,4,39,17,1,0,20260102,IND,SAS
Shot Chart Detail,0022500476,658,1642844,Dylan Harper,1610612759,San Antonio Spurs,4,5,26,Made Shot,Putback Layup Shot,2PT Field Goal,Restricted Area,Center(C),Less Than 8 ft.,2,-23,10,1,1,20260102,IND,SAS
Shot Chart Detail,0022500476,661,1642844,Dylan Harper,1610612759,San Antonio Spurs,4,4,51,Missed Shot,Jump Shot,3PT Field Goal,Left Corner 3,Left Side(L),24+ ft.,24,-240,25,1,0,20260102,IND,SAS
Shot Chart Detail,0022500476,678,1642844,Dylan Harper,1610612759,San Antonio Spurs,4,3,51,Missed Shot,Pullup Jump shot,3PT Field Goal,Above the Break 3,Right Side Center(RC),24+ ft.,24,221,115,1,0,20260102,IND,SAS
Shot Chart Detail,0022500490,103,1642844,Dylan Harper,1610612759,San Antonio Spurs,1,3,21,Missed Shot,Pullup Jump shot,2PT Field Goal,In The Paint (Non-RA),Right Side(R),8-16 ft.,12,67,106,1,0,20260103,SAS,POR
Shot Chart Detail,0022500490,129,1642844,Dylan Harper,1610612759,San Antonio Spurs,1,1,37,Missed Shot,Driving Layup Shot,2PT Field Goal,Restricted Area,Center(C),Less Than 8 ft.,0,-5,8,1,0,20260103,SAS,POR
Shot Chart Detail,0022500490,172,1642844,Dylan Harper,1610612759,San Antonio Spurs,2,11,45,Missed Shot,Cutting Finger Roll Layup Shot,2PT Field Goal,Restricted Area,Center(C),Less Than 8 ft.,0,0,6,1,0,20260103,SAS,POR
Shot Chart Detail,0022500490,174,1642844,Dylan Harper,1610612759,San Antonio Spurs,2,11,43,Missed Shot,Tip Layup Shot,2PT Field Goal,Restricted Area,Center(C),Less Than 8 ft.,0,0,0,1,0,20260103,SAS,POR
Shot Chart Detail,0022500490,187,1642844,Dylan Harper,1610612759,San Antonio Spurs,2,10,35,Missed Shot,Driving Floating Jump Shot,2PT Field Goal,In The Paint (Non-RA),Center(C),8-16 ft.,8,-6,89,1,0,20260103,SAS,POR
Shot Chart Detail,0022500490,290,1642844,Dylan Harper,1610612759,San Antonio Spurs,2,4,24,Missed Shot,Running Layup Shot,2PT Field Goal,Restricted Area,Center(C),Less Than 8 ft.,1,-9,12,1,0,20260103,SAS,POR
Shot Chart Detail,0022500490,304,1642844,Dylan Harper,1610612759,San Antonio Spurs,2,3,22,Missed Shot,Running Finger Roll Layup Shot,2PT Field Goal,Restricted Area,Center(C),Less Than 8 ft.,1,0,15,1,0,20260103,SAS,POR
Shot Chart Detail,0022500490,319,1642844,Dylan Harper,1610612759,San Antonio Spurs,2,2,46,Missed Shot,Pullup Jump shot,2PT Field Goal,In The Paint (Non-RA),Center(C),8-16 ft.,12,38,122,1,0,20260103,SAS,POR
Shot Chart Detail,0022500490,460,1642844,Dylan Harper,1610612759,San Antonio Spurs,3,3,44,Made Shot,Jump Shot,3PT Field Goal,Above the Break 3,Right Side Center(RC),24+ ft.,26,113,243,1,1,20260103,SAS,POR
Shot Chart Detail,0022500490,478,1642844,Dylan Harper,1610612759,San Antonio Spurs,3,2,30,Missed Shot,Driving Layup Shot,2PT Field Goal,Restricted Area,Center(C),Less Than 8 ft.,1,13,9,1,0,20260103,SAS,POR
Shot Chart Detail,0022500490,485,1642844,Dylan Harper,1610612759,San Antonio Spurs,3,2,4,Made Shot,Jump Shot,3PT Field Goal,Right Corner 3,Right Side(R),24+ ft.,24,237,56,1,1,20260103,SAS,POR
Shot Chart Detail,0022500490,496,1642844,Dylan Harper,1610612759,San Antonio Spurs,3,1,14,Missed Shot,Jump Shot,3PT Field Goal,Above the Break 3,Right Side Center(RC),24+ ft.,24,174,173,1,0,20260103,SAS,POR
Shot Chart Detail,0022500512,98,1642844,Dylan Harper,1610612759,San Antonio Spurs,1,5,1,Missed Shot,Jump Shot,3PT Field Goal,Above the Break 3,Right Side Center(RC),24+ ft.,25,136,217,1,0,20260106,MEM,SAS
Shot Chart Detail,0022500512,115,1642844,Dylan Harper,1610612759,San Antonio Spurs,1,3,51,Missed Shot,Driving Floating Jump Shot,2PT Field Goal,In The Paint (Non-RA),Center(C),Less Than 8 ft.,5,-2,59,1,0,20260106,MEM,SAS
Shot Chart Detail,0022500512,245,1642844,Dylan Harper,1610612759,San Antonio Spurs,2,8,7,Missed Shot,Running Reverse Layup Shot,2PT Field Goal,Restricted Area,Center(C),Less Than 8 ft.,0,5,5,1,0,20260106,MEM,SAS
Shot Chart Detail,0022500512,314,1642844,Dylan Harper,1610612759,San Antonio Spurs,2,4,16,Made Shot,Driving Floating Jump Shot,2PT Field Goal,Mid-Range,Right Side(R),8-16 ft.,14,86,117,1,1,20260106,MEM,SAS
Shot Chart Detail,0022500512,317,1642844,Dylan Harper,1610612759,San Antonio Spurs,2,3,45,Missed Shot,Jump Shot,3PT Field Goal,Above the Break 3,Center(C),24+ ft.,25,-16,253,1,0,20260106,MEM,SAS
Shot Chart Detail,0022500512,436,1642844,Dylan Harper,1610612759,San Antonio Spurs,3,8,18,Made Shot,Pullup Jump shot,2PT Field Goal,Mid-Range,Right Side(R),8-16 ft.,15,93,126,1,1,20260106,MEM,SAS
Shot Chart Detail,0022500512,652,1642844,Dylan Harper,1610612759,San Antonio Spurs,4,7,28,Missed Shot,Pullup Jump shot,3PT Field Goal,Above the Break 3,Center(C),24+ ft.,24,-15,248,1,0,20260106,MEM,SAS
Shot Chart Detail,0022500523,80,1642844,Dylan Harper,1610612759,San Antonio Spurs,1,6,2,Missed Shot,Jump Shot,3PT Field Goal,Right Corner 3,Right Side(R),24+ ft.,22,228,-26,1,0,20260107,SAS,LAL
Shot Chart Detail,0022500523,227,1642844,Dylan Harper,1610612759,San Antonio Spurs,2,8,32,Missed Shot,Driving Floating Bank Jump Shot,2PT Field Goal,Restricted Area,Center(C),Less Than 8 ft.,1,-11,0,1,0,20260107,SAS,LAL
Shot Chart Detail,0022500523,313,1642844,Dylan Harper,1610612759,San Antonio Spurs,2,2,50,Missed Shot,Driving Floating Bank Jump Shot,2PT Field Goal,Mid-Range,Left Side(L),8-16 ft.,10,-88,52,1,0,20260107,SAS,LAL
Shot Chart Detail,0022500523,498,1642844,Dylan Harper,1610612759,San Antonio Spurs,3,2,32,Missed Shot,Running Layup Shot,2PT Field Goal,Restricted Area,Center(C),Less Than 8 ft.,1,17,-6,1,0,20260107,SAS,LAL
Shot Chart Detail,0022500523,587,1642844,Dylan Harper,1610612759,San Antonio Spurs,4,8,15,Made Shot,Running Dunk Shot,2PT Field Goal,Restricted Area,Center(C),Less Than 8 ft.,0,-1,4,1,1,20260107,SAS,LAL
Shot Chart Detail,0022500523,600,1642844,Dylan Harper,1610612759,San Antonio Spurs,4,7,52,Missed Shot,Jump Shot,3PT Field Goal,Above the Break 3,Right Side Center(RC),24+ ft.,24,228,98,1,0,20260107,SAS,LAL
Shot Chart Detail,0022500545,114,1642844,Dylan Harper,1610612759,San Antonio Spurs,1,3,1,Missed Shot,Driving Finger Roll Layup Shot,2PT Field Goal,Restricted Area,Center(C),Less Than 8 ft.,2,-15,15,1,0,20260110,BOS,SAS
Shot Chart Detail,0022500545,198,1642844,Dylan Harper,1610612759,San Antonio Spurs,2,8,56,Missed Shot,Jump Shot,3PT Field Goal,Above the Break 3,Right Side Center(RC),24+ ft.,27,161,225,1,0,20260110,BOS,SAS
Shot Chart Detail,0022500545,239,1642844,Dylan Harper,1610612759,San Antonio Spurs,2,5,54,Made Shot,Jump Shot,3PT Field Goal,Above the Break 3,Right Side Center(RC),24+ ft.,26,183,193,1,1,20260110,BOS,SAS
Shot Chart Detail,0022500545,438,1642844,Dylan Harper,1610612759,San Antonio Spurs,3,3,36,Made Shot,Turnaround Jump Shot,2PT Field Goal,Mid-Range,Right Side Center(RC),16-24 ft.,17,113,136,1,1,20260110,BOS,SAS
Shot Chart Detail,0022500545,457,1642844,Dylan Harper,1610612759,San Antonio Spurs,3,2,30,Missed Shot,Jump Shot,3PT Field Goal,Above the Break 3,Left Side Center(LC),24+ ft.,26,-89,254,1,0,20260110,BOS,SAS
Shot Chart Detail,0022500545,510,1642844,Dylan Harper,1610612759,San Antonio Spurs,4,10,57,Missed Shot,Running Layup Shot,2PT Field Goal,Restricted Area,Center(C),Less Than 8 ft.,2,-21,17,1,0,20260110,BOS,SAS
Shot Chart Detail,0022500545,562,1642844,Dylan Harper,1610612759,San Antonio Spurs,4,6,43,Missed Shot,Pullup Jump shot,2PT Field Goal,In The Paint (Non-RA),Center(C),8-16 ft.,8,-6,81,1,0,20260110,BOS,SAS
Shot Chart Detail,0022500552,126,1642844,Dylan Harper,1610612759,San Antonio Spurs,1,2,32,Missed Shot,Driving Layup Shot,2PT Field Goal,Restricted Area,Center(C),Less Than 8 ft.,1,7,13,1,0,20260111,MIN,SAS
Shot Chart Detail,0022500552,147,1642844,Dylan Harper,1610612759,San Antonio Spurs,1,1,18,Missed Shot,Step Back Jump shot,3PT Field Goal,Above the Break 3,Right Side Center(RC),24+ ft.,25,151,204,1,0,20260111,MIN,SAS
Shot Chart Detail,0022500552,245,1642844,Dylan Harper,1610612759,San Antonio Spurs,2,6,57,Missed Shot,Jump Shot,3PT Field Goal,Above the Break 3,Left Side Center(LC),24+ ft.,24,-123,216,1,0,20260111,MIN,SAS
Shot Chart Detail,0022500552,422,1642844,Dylan Harper,1610612759,San Antonio Spurs,3,6,34,Missed Shot,Pullup Jump shot,2PT Field Goal,In The Paint (Non-RA),Center(C),8-16 ft.,10,21,100,1,0,20260111,MIN,SAS
Shot Chart Detail,0022500552,439,1642844,Dylan Harper,1610612759,San Antonio Spurs,3,5,6,Missed Shot,Driving Floating Bank Jump Shot,2PT Field Goal,In The Paint (Non-RA),Center(C),Less Than 8 ft.,6,-29,56,1,0,20260111,MIN,SAS
Shot Chart Detail,0022500568,98,1642844,Dylan Harper,1610612759,San Antonio Spurs,1,5,3,Made Shot,Jump Shot,3PT Field Goal,Above the Break 3,Center(C),24+ ft.,26,-10,264,1,1,20260113,OKC,SAS
Shot Chart Detail,0022500568,115,1642844,Dylan Harper,1610612759,San Antonio Spurs,1,3,25,Made Shot,Driving Floating Jump Shot,2PT Field Goal,In The Paint (Non-RA),Center(C),Less Than 8 ft.,5,39,44,1,1,20260113,OKC,SAS
Shot Chart Detail,0022500568,136,1642844,Dylan Harper,1610612759,San Antonio Spurs,1,2,0,Missed Shot,Driving Layup Shot,2PT Field Goal,Restricted Area,Center(C),Less Than 8 ft.,3,-34,17,1,0,20260113,OKC,SAS
Shot Chart Detail,0022500568,246,1642844,Dylan Harper,1610612759,San Antonio Spurs,2,6,42,Missed Shot,Jump Shot,3PT Field Goal,Above the Break 3,Left Side Center(LC),24+ ft.,26,-186,188,1,0,20260113,OKC,SAS
Shot Chart Detail,0022500568,460,1642844,Dylan Harper,1610612759,San Antonio Spurs,3,3,40,Missed Shot,Driving Floating Jump Shot,2PT Field Goal,Restricted Area,Center(C),Less Than 8 ft.,1,1,17,1,0,20260113,OKC,SAS
Shot Chart Detail,0022500568,568,1642844,Dylan Harper,1610612759,San Antonio Spurs,4,8,21,Made Shot,Jump Shot,3PT Field Goal,Right Corner 3,Right Side(R),24+ ft.,24,232,71,1,1,20260113,OKC,SAS
Shot Chart Detail,0022500568,708,1642844,Dylan Harper,1610612759,San Antonio Spurs,4,1,13,Missed Shot,Pullup Jump shot,2PT Field Goal,Mid-Range,Right Side(R),16-24 ft.,18,150,104,1,0,20260113,OKC,SAS
Shot Chart Detail,0022500582,126,1642844,Dylan Harper,1610612759,San Antonio Spurs,1,2,52,Missed Shot,Pullup Jump shot,3PT Field Goal,Above the Break 3,Center(C),24+ ft.,25,-43,251,1,0,20260115,SAS,MIL
Shot Chart Detail,0022500582,256,1642844,Dylan Harper,1610612759,San Antonio Spurs,2,4,26,Made Shot,Running Finger Roll Layup Shot,2PT Field Goal,Restricted Area,Center(C),Less Than 8 ft.,0,2,-1,1,1,20260115,SAS,MIL
Shot Chart Detail,0022500582,277,1642844,Dylan Harper,1610612759,San Antonio Spurs,2,3,28,Missed Shot,Running Finger Roll Layup Shot,2PT Field Goal,Restricted Area,Center(C),Less Than 8 ft.,1,-6,11,1,0,20260115,SAS,MIL
Shot Chart Detail,0022500582,289,1642844,Dylan Harper,1610612759,San Antonio Spurs,2,2,58,Missed Shot,Jump Shot,3PT Field Goal,Above the Break 3,Right Side Center(RC),24+ ft.,25,151,206,1,0,20260115,SAS,MIL
Shot Chart Detail,0022500582,291,1642844,Dylan Harper,1610612759,San Antonio Spurs,2,2,38,Missed Shot,Jump Shot,3PT Field Goal,Above the Break 3,Left Side Center(LC),24+ ft.,29,-140,258,1,0,20260115,SAS,MIL
Shot Chart Detail,0022500582,420,1642844,Dylan Harper,1610612759,San Antonio Spurs,3,6,3,Missed Shot,Jump Shot,3PT Field Goal,Above the Break 3,Left Side Center(LC),24+ ft.,24,-110,216,1,0,20260115,SAS,MIL
Shot Chart Detail,0022500582,428,1642844,Dylan Harper,1610612759,San Antonio Spurs,3,5,27,Missed Shot,Driving Floating Jump Shot,2PT Field Goal,In The Paint (Non-RA),Center(C),Less Than 8 ft.,7,0,74,1,0,20260115,SAS,MIL
Shot Chart Detail,0022500582,430,1642844,Dylan Harper,1610612759,San Antonio Spurs,3,5,22,Made Shot,Tip Layup Shot,2PT Field Goal,Restricted Area,Center(C),Less Than 8 ft.,0,0,0,1,1,20260115,SAS,MIL
Shot Chart Detail,0022500582,433,1642844,Dylan Harper,1610612759,San Antonio Spurs,3,4,47,Made Shot,Pullup Jump shot,2PT Field Goal,Mid-Range,Center(C),8-16 ft.,14,18,145,1,1,20260115,SAS,MIL
Shot Chart Detail,0022500582,460,1642844,Dylan Harper,1610612759,San Antonio Spurs,3,3,4,Made Shot,Alley Oop Dunk Shot,2PT Field Goal,Restricted Area,Center(C),Less Than 8 ft.,0,7,3,1,1,20260115,SAS,MIL
Shot Chart Detail,0022500582,483,1642844,Dylan Harper,1610612759,San Antonio Spurs,3,1,33,Made Shot,Running Finger Roll Layup Shot,2PT Field Goal,Restricted Area,Center(C),Less Than 8 ft.,2,2,20,1,1,20260115,SAS,MIL
Shot Chart Detail,0022500582,504,1642844,Dylan Harper,1610612759,San Antonio Spurs,4,11,45,Missed Shot,Jump Shot,3PT Field Goal,Above the Break 3,Left Side Center(LC),24+ ft.,25,-112,225,1,0,20260115,SAS,MIL
Shot Chart Detail,0022500582,554,1642844,Dylan Harper,1610612759,San Antonio Spurs,4,8,18,Made Shot,Driving Layup Shot,2PT Field Goal,Restricted Area,Center(C),Less Than 8 ft.,1,1,14,1,1,20260115,SAS,MIL
Shot Chart Detail,0022500598,77,1642844,Dylan Harper,1610612759,San Antonio Spurs,1,6,25,Missed Shot,Jump Shot,3PT Field Goal,Left Corner 3,Left Side(L),24+ ft.,23,-230,27,1,0,20260117,SAS,MIN
Shot Chart Detail,0022500598,171,1642844,Dylan Harper,1610612759,San Antonio Spurs,2,11,22,Made Shot,Driving Layup Shot,2PT Field Goal,Restricted Area,Center(C),Less Than 8 ft.,1,15,4,1,1,20260117,SAS,MIN
Shot Chart Detail,0022500598,196,1642844,Dylan Harper,1610612759,San Antonio Spurs,2,9,32,Made Shot,Pullup Jump shot,3PT Field Goal,Above the Break 3,Center(C),24+ ft.,25,55,250,1,1,20260117,SAS,MIN
Shot Chart Detail,0022500598,223,1642844,Dylan Harper,1610612759,San Antonio Spurs,2,7,49,Missed Shot,Step Back Jump shot,3PT Field Goal,Right Corner 3,Right Side(R),24+ ft.,24,232,72,1,0,20260117,SAS,MIN
Shot Chart Detail,0022500598,427,1642844,Dylan Harper,1610612759,San Antonio Spurs,3,6,14,Made Shot,Driving Finger Roll Layup Shot,2PT Field Goal,Restricted Area,Center(C),Less Than 8 ft.,1,-11,8,1,1,20260117,SAS,MIN
Shot Chart Detail,0022500598,454,1642844,Dylan Harper,1610612759,San Antonio Spurs,3,4,33,Made Shot,Driving Finger Roll Layup Shot,2PT Field Goal,Restricted Area,Center(C),Less Than 8 ft.,2,-26,-1,1,1,20260117,SAS,MIN
Shot Chart Detail,0022500598,548,1642844,Dylan Harper,1610612759,San Antonio Spurs,4,10,1,Missed Shot,Driving Finger Roll Layup Shot,2PT Field Goal,Restricted Area,Center(C),Less Than 8 ft.,1,11,10,1,0,20260117,SAS,MIN
Shot Chart Detail,0022500598,553,1642844,Dylan Harper,1610612759,San Antonio Spurs,4,9,47,Missed Shot,Running Jump Shot,3PT Field Goal,Above the Break 3,Right Side Center(RC),24+ ft.,25,208,142,1,0,20260117,SAS,MIN
Shot Chart Detail,0022500598,587,1642844,Dylan Harper,1610612759,San Antonio Spurs,4,7,36,Missed Shot,Cutting Layup Shot,2PT Field Goal,Restricted Area,Center(C),Less Than 8 ft.,1,-1,10,1,0,20260117,SAS,MIN
Shot Chart Detail,0022500611,116,1642844,Dylan Harper,1610612759,San Antonio Spurs,1,3,9,Made Shot,Step Back Jump shot,2PT Field Goal,Mid-Range,Left Side Center(LC),16-24 ft.,17,-55,167,1,1,20260119,SAS,UTA
Shot Chart Detail,0022500611,133,1642844,Dylan Harper,1610612759,San Antonio Spurs,1,1,52,Missed Shot,Running Jump Shot,3PT Field Goal,Above the Break 3,Left Side Center(LC),24+ ft.,26,-103,239,1,0,20260119,SAS,UTA
Shot Chart Detail,0022500611,274,1642844,Dylan Harper,1610612759,San Antonio Spurs,2,3,49,Made Shot,Step Back Jump shot,2PT Field Goal,Mid-Range,Center(C),16-24 ft.,20,-12,201,1,1,20260119,SAS,UTA
Shot Chart Detail,0022500611,296,1642844,Dylan Harper,1610612759,San Antonio Spurs,2,2,38,Made Shot,Driving Floating Jump Shot,2PT Field Goal,In The Paint (Non-RA),Center(C),Less Than 8 ft.,6,-5,63,1,1,20260119,SAS,UTA
Shot Chart Detail,0022500611,462,1642844,Dylan Harper,1610612759,San Antonio Spurs,3,3,22,Made Shot,Driving Floating Jump Shot,2PT Field Goal,In The Paint (Non-RA),Center(C),Less Than 8 ft.,6,1,60,1,1,20260119,SAS,UTA
Shot Chart Detail,0022500611,542,1642844,Dylan Harper,1610612759,San Antonio Spurs,4,10,45,Made Shot,Running Dunk Shot,2PT Field Goal,Restricted Area,Center(C),Less Than 8 ft.,0,0,8,1,1,20260119,SAS,UTA
Shot Chart Detail,0022500611,609,1642844,Dylan Harper,1610612759,San Antonio Spurs,4,5,33,Made Shot,Jump Shot,3PT Field Goal,Above the Break 3,Right Side Center(RC),24+ ft.,24,150,197,1,1,20260119,SAS,UTA
Shot Chart Detail,0022500615,148,1642844,Dylan Harper,1610612759,San Antonio Spurs,1,0,49,Missed Shot,Driving Layup Shot,2PT Field Goal,In The Paint (Non-RA),Center(C),Less Than 8 ft.,6,54,35,1,0,20260120,HOU,SAS
Shot Chart Detail,0022500615,189,1642844,Dylan Harper,1610612759,San Antonio Spurs,2,10,51,Made Shot,Driving Finger Roll Layup Shot,2PT Field Goal,In The Paint (Non-RA),Center(C),Less Than 8 ft.,4,17,37,1,1,20260120,HOU,SAS
Shot Chart Detail,0022500615,192,1642844,Dylan Harper,1610612759,San Antonio Spurs,2,10,22,Made Shot,Driving Layup Shot,2PT Field Goal,Restricted Area,Center(C),Less Than 8 ft.,2,-25,8,1,1,20260120,HOU,SAS
Shot Chart Detail,0022500615,313,1642844,Dylan Harper,1610612759,San Antonio Spurs,2,2,52,Missed Shot,Jump Shot,3PT Field Goal,Above the Break 3,Right Side Center(RC),24+ ft.,24,191,161,1,0,20260120,HOU,SAS
Shot Chart Detail,0022500615,453,1642844,Dylan Harper,1610612759,San Antonio Spurs,3,5,4,Missed Shot,Pullup Jump shot,3PT Field Goal,Above the Break 3,Right Side Center(RC),24+ ft.,25,118,227,1,0,20260120,HOU,SAS
Shot Chart Detail,0022500615,476,1642844,Dylan Harper,1610612759,San Antonio Spurs,3,3,13,Missed Shot,Step Back Jump shot,3PT Field Goal,Above the Break 3,Right Side Center(RC),24+ ft.,25,191,174,1,0,20260120,HOU,SAS
Shot Chart Detail,0022500615,504,1642844,Dylan Harper,1610612759,San Antonio Spurs,3,1,9,Missed Shot,Driving Floating Jump Shot,2PT Field Goal,In The Paint (Non-RA),Left Side(L),8-16 ft.,9,-59,78,1,0,20260120,HOU,SAS
Shot Chart Detail,0022500615,591,1642844,Dylan Harper,1610612759,San Antonio Spurs,4,7,29,Made Shot,Driving Layup Shot,2PT Field Goal,Restricted Area,Center(C),Less Than 8 ft.,3,31,18,1,1,20260120,HOU,SAS
Shot Chart Detail,0022500615,605,1642844,Dylan Harper,1610612759,San Antonio Spurs,4,5,50,Made Shot,Fadeaway Jump Shot,2PT Field Goal,In The Paint (Non-RA),Center(C),8-16 ft.,10,-48,96,1,1,20260120,HOU,SAS
Shot Chart Detail,0022500632,292,1642844,Dylan Harper,1610612759,San Antonio Spurs,2,4,15,Missed Shot,Driving Layup Shot,2PT Field Goal,In The Paint (Non-RA),Center(C),Less Than 8 ft.,4,34,32,1,0,20260122,UTA,SAS
Shot Chart Detail,0022500632,511,1642844,Dylan Harper,1610612759,San Antonio Spurs,3,1,2,Missed Shot,Jump Shot,3PT Field Goal,Above the Break 3,Center(C),24+ ft.,25,-59,251,1,0,20260122,UTA,SAS
Shot Chart Detail,0022500632,524,1642844,Dylan Harper,1610612759,San Antonio Spurs,3,0,30,Made Shot,Step Back Jump shot,2PT Field Goal,In The Paint (Non-RA),Center(C),8-16 ft.,11,-1,111,1,1,20260122,UTA,SAS
Shot Chart Detail,0022500654,104,1642844,Dylan Harper,1610612759,San Antonio Spurs,1,4,21,Made Shot,Running Dunk Shot,2PT Field Goal,Restricted Area,Center(C),Less Than 8 ft.,0,4,8,1,1,20260125,SAS,NOP
Shot Chart Detail,0022500654,124,1642844,Dylan Harper,1610612759,San Antonio Spurs,1,2,48,Missed Shot,Driving Floating Jump Shot,2PT Field Goal,In The Paint (Non-RA),Center(C),Less Than 8 ft.,4,-21,36,1,0,20260125,SAS,NOP
Shot Chart Detail,0022500654,452,1642844,Dylan Harper,1610612759,San Antonio Spurs,3,4,12,Missed Shot,Tip Layup Shot,2PT Field Goal,Restricted Area,Center(C),Less Than 8 ft.,0,0,0,1,0,20260125,SAS,NOP
Shot Chart Detail,0022500654,460,1642844,Dylan Harper,1610612759,San Antonio Spurs,3,3,19,Missed Shot,Driving Layup Shot,2PT Field Goal,Restricted Area,Center(C),Less Than 8 ft.,2,-27,5,1,0,20260125,SAS,NOP
Shot Chart Detail,0022500654,540,1642844,Dylan Harper,1610612759,San Antonio Spurs,4,10,26,Made Shot,Running Finger Roll Layup Shot,2PT Field Goal,Restricted Area,Center(C),Less Than 8 ft.,1,10,4,1,1,20260125,SAS,NOP
Shot Chart Detail,0022500654,555,1642844,Dylan Harper,1610612759,San Antonio Spurs,4,9,23,Missed Shot,Driving Dunk Shot,2PT Field Goal,Restricted Area,Center(C),Less Than 8 ft.,2,0,20,1,0,20260125,SAS,NOP
Shot Chart Detail,0022500679,93,1642844,Dylan Harper,1610612759,San Antonio Spurs,1,4,13,Made Shot,Driving Finger Roll Layup Shot,2PT Field Goal,Restricted Area,Center(C),Less Than 8 ft.,1,6,9,1,1,20260128,HOU,SAS
Shot Chart Detail,0022500679,98,1642844,Dylan Harper,1610612759,San Antonio Spurs,1,3,42,Missed Shot,Pullup Jump shot,2PT Field Goal,In The Paint (Non-RA),Right Side(R),8-16 ft.,12,65,110,1,0,20260128,HOU,SAS
Shot Chart Detail,0022500679,101,1642844,Dylan Harper,1610612759,San Antonio Spurs,1,3,38,Made Shot,Putback Layup Shot,2PT Field Goal,Restricted Area,Center(C),Less Than 8 ft.,1,5,13,1,1,20260128,HOU,SAS
Shot Chart Detail,0022500679,279,1642844,Dylan Harper,1610612759,San Antonio Spurs,2,2,29,Made Shot,Running Layup Shot,2PT Field Goal,Restricted Area,Center(C),Less Than 8 ft.,1,9,11,1,1,20260128,HOU,SAS
Shot Chart Detail,0022500679,439,1642844,Dylan Harper,1610612759,San Antonio Spurs,3,4,40,Made Shot,Running Layup Shot,2PT Field Goal,Restricted Area,Center(C),Less Than 8 ft.,1,-1,17,1,1,20260128,HOU,SAS
Shot Chart Detail,0022500679,457,1642844,Dylan Harper,1610612759,San Antonio Spurs,3,3,33,Missed Shot,Jump Shot,3PT Field Goal,Above the Break 3,Right Side Center(RC),24+ ft.,26,206,165,1,0,20260128,HOU,SAS
Shot Chart Detail,0022500679,475,1642844,Dylan Harper,1610612759,San Antonio Spurs,3,2,15,Made Shot,Driving Finger Roll Layup Shot,2PT Field Goal,Restricted Area,Center(C),Less Than 8 ft.,2,18,10,1,1,20260128,HOU,SAS
Shot Chart Detail,0022500679,630,1642844,Dylan Harper,1610612759,San Antonio Spurs,4,5,0,Made Shot,Driving Reverse Layup Shot,2PT Field Goal,Restricted Area,Center(C),Less Than 8 ft.,1,12,4,1,1,20260128,HOU,SAS
Shot Chart Detail,0022500679,638,1642844,Dylan Harper,1610612759,San Antonio Spurs,4,3,56,Made Shot,Running Layup Shot,2PT Field Goal,Restricted Area,Center(C),Less Than 8 ft.,1,-10,7,1,1,20260128,HOU,SAS
Shot Chart Detail,0022500679,640,1642844,Dylan Harper,1610612759,San Antonio Spurs,4,3,26,Made Shot,Driving Layup Shot,2PT Field Goal,Restricted Area,Center(C),Less Than 8 ft.,1,-2,13,1,1,20260128,HOU,SAS
Shot Chart Detail,0022500679,661,1642844,Dylan Harper,1610612759,San Antonio Spurs,4,2,9,Missed Shot,Step Back Jump shot,3PT Field Goal,Above the Break 3,Left Side Center(LC),24+ ft.,25,-137,217,1,0,20260128,HOU,SAS
Shot Chart Detail,0022500697,75,1642844,Dylan Harper,1610612759,San Antonio Spurs,1,5,35,Made Shot,Driving Floating Jump Shot,2PT Field Goal,In The Paint (Non-RA),Center(C),8-16 ft.,8,22,78,1,1,20260131,CHA,SAS
Shot Chart Detail,0022500697,122,1642844,Dylan Harper,1610612759,San Antonio Spurs,1,2,38,Made Shot,Pullup Jump shot,2PT Field Goal,In The Paint (Non-RA),Right Side(R),8-16 ft.,11,72,84,1,1,20260131,CHA,SAS
Shot Chart Detail,0022500697,126,1642844,Dylan Harper,1610612759,San Antonio Spurs,1,2,18,Made Shot,Jump Shot,3PT Field Goal,Above the Break 3,Right Side Center(RC),24+ ft.,25,115,232,1,1,20260131,CHA,SAS
Shot Chart Detail,0022500697,133,1642844,Dylan Harper,1610612759,San Antonio Spurs,1,1,39,Missed Shot,Driving Layup Shot,2PT Field Goal,Restricted Area,Center(C),Less Than 8 ft.,2,15,19,1,0,20260131,CHA,SAS
Shot Chart Detail,0022500697,200,1642844,Dylan Harper,1610612759,San Antonio Spurs,2,10,35,Made Shot,Running Dunk Shot,2PT Field Goal,Restricted Area,Center(C),Less Than 8 ft.,0,-1,-7,1,1,20260131,CHA,SAS
Shot Chart Detail,0022500697,205,1642844,Dylan Harper,1610612759,San Antonio Spurs,2,10,0,Made Shot,Driving Layup Shot,2PT Field Goal,Restricted Area,Center(C),Less Than 8 ft.,0,-1,-1,1,1,20260131,CHA,SAS
Shot Chart Detail,0022500697,352,1642844,Dylan Harper,1610612759,San Antonio Spurs,2,0,36,Made Shot,Running Layup Shot,2PT Field Goal,Restricted Area,Center(C),Less Than 8 ft.,0,5,3,1,1,20260131,CHA,SAS
Shot Chart Detail,0022500697,438,1642844,Dylan Harper,1610612759,San Antonio Spurs,3,6,11,Made Shot,Jump Shot,3PT Field Goal,Above the Break 3,Center(C),24+ ft.,25,25,258,1,1,20260131,CHA,SAS
Shot Chart Detail,0022500697,453,1642844,Dylan Harper,1610612759,San Antonio Spurs,3,4,39,Missed Shot,Finger Roll Layup Shot,2PT Field Goal,Restricted Area,Center(C),Less Than 8 ft.,1,0,18,1,0,20260131,CHA,SAS
Shot Chart Detail,0022500697,461,1642844,Dylan Harper,1610612759,San Antonio Spurs,3,3,54,Missed Shot,Jump Shot,3PT Field Goal,Left Corner 3,Left Side(L),24+ ft.,22,-229,10,1,0,20260131,CHA,SAS
Shot Chart Detail,0022500697,503,1642844,Dylan Harper,1610612759,San Antonio Spurs,3,0,56,Made Shot,Pullup Jump shot,2PT Field Goal,Mid-Range,Left Side Center(LC),16-24 ft.,17,-108,139,1,1,20260131,CHA,SAS
Shot Chart Detail,0022500697,507,1642844,Dylan Harper,1610612759,San Antonio Spurs,3,0,22,Made Shot,Pullup Jump shot,2PT Field Goal,In The Paint (Non-RA),Center(C),8-16 ft.,13,38,131,1,1,20260131,CHA,SAS
Shot Chart Detail,0022500697,523,1642844,Dylan Harper,1610612759,San Antonio Spurs,4,10,51,Missed Shot,Driving Layup Shot,2PT Field Goal,Restricted Area,Center(C),Less Than 8 ft.,2,2,21,1,0,20260131,CHA,SAS
Shot Chart Detail,0022500703,108,1642844,Dylan Harper,1610612759,San Antonio Spurs,1,4,27,Missed Shot,Pullup Jump shot,3PT Field Goal,Above the Break 3,Right Side Center(RC),24+ ft.,24,169,181,1,0,20260201,SAS,ORL
Shot Chart Detail,0022500703,149,1642844,Dylan Harper,1610612759,San Antonio Spurs,1,2,0,Made Shot,Running Finger Roll Layup Shot,2PT Field Goal,Restricted Area,Center(C),Less Than 8 ft.,1,0,10,1,1,20260201,SAS,ORL
Shot Chart Detail,0022500703,275,1642844,Dylan Harper,1610612759,San Antonio Spurs,2,5,34,Made Shot,Turnaround Jump Shot,2PT Field Goal,Mid-Range,Right Side(R),8-16 ft.,14,103,99,1,1,20260201,SAS,ORL
Shot Chart Detail,0022500703,288,1642844,Dylan Harper,1610612759,San Antonio Spurs,2,4,40,Made Shot,Step Back Jump shot,2PT Field Goal,Mid-Range,Right Side Center(RC),16-24 ft.,18,151,111,1,1,20260201,SAS,ORL
Shot Chart Detail,0022500703,290,1642844,Dylan Harper,1610612759,San Antonio Spurs,2,4,20,Made Shot,Driving Finger Roll Layup Shot,2PT Field Goal,Restricted Area,Center(C),Less Than 8 ft.,0,0,7,1,1,20260201,SAS,ORL
Shot Chart Detail,0022500703,294,1642844,Dylan Harper,1610612759,San Antonio Spurs,2,3,48,Missed Shot,Jump Shot,3PT Field Goal,Above the Break 3,Center(C),24+ ft.,25,-27,258,1,0,20260201,SAS,ORL
Shot Chart Detail,0022500703,330,1642844,Dylan Harper,1610612759,San Antonio Spurs,2,1,57,Missed Shot,Running Finger Roll Layup Shot,2PT Field Goal,Restricted Area,Center(C),Less Than 8 ft.,2,-16,13,1,0,20260201,SAS,ORL
Shot Chart Detail,0022500703,349,1642844,Dylan Harper,1610612759,San Antonio Spurs,2,1,10,Missed Shot,Running Jump Shot,3PT Field Goal,Right Corner 3,Right Side(R),24+ ft.,23,232,32,1,0,20260201,SAS,ORL
Shot Chart Detail,0022500703,444,1642844,Dylan Harper,1610612759,San Antonio Spurs,3,4,54,Missed Shot,Fadeaway Jump Shot,2PT Field Goal,Mid-Range,Right Side(R),8-16 ft.,14,127,62,1,0,20260201,SAS,ORL
Shot Chart Detail,0022500703,453,1642844,Dylan Harper,1610612759,San Antonio Spurs,3,4,32,Made Shot,Reverse Layup Shot,2PT Field Goal,Restricted Area,Center(C),Less Than 8 ft.,0,2,0,1,1,20260201,SAS,ORL
Shot Chart Detail,0022500703,489,1642844,Dylan Harper,1610612759,San Antonio Spurs,3,2,38,Missed Shot,Jump Bank Shot,3PT Field Goal,Above the Break 3,Left Side Center(LC),24+ ft.,25,-89,236,1,0,20260201,SAS,ORL
Shot Chart Detail,0022500703,541,1642844,Dylan Harper,1610612759,San Antonio Spurs,4,11,42,Made Shot,Jump Shot,3PT Field Goal,Above the Break 3,Right Side Center(RC),24+ ft.,25,186,173,1,1,20260201,SAS,ORL
Shot Chart Detail,0022500738,148,1642844,Dylan Harper,1610612759,San Antonio Spurs,1,2,15,Missed Shot,Driving Layup Shot,2PT Field Goal,Restricted Area,Center(C),Less Than 8 ft.,2,20,10,1,0,20260205,DAL,SAS
Shot Chart Detail,0022500738,279,1642844,Dylan Harper,1610612759,San Antonio Spurs,2,5,45,Made Shot,Running Layup Shot,2PT Field Goal,Restricted Area,Center(C),Less Than 8 ft.,0,5,1,1,1,20260205,DAL,SAS
Shot Chart Detail,0022500738,327,1642844,Dylan Harper,1610612759,San Antonio Spurs,2,2,15,Made Shot,Alley Oop Layup shot,2PT Field Goal,Restricted Area,Center(C),Less Than 8 ft.,2,-20,5,1,1,20260205,DAL,SAS
Shot Chart Detail,0022500738,457,1642844,Dylan Harper,1610612759,San Antonio Spurs,3,3,56,Missed Shot,Driving Floating Jump Shot,2PT Field Goal,In The Paint (Non-RA),Center(C),Less Than 8 ft.,6,0,60,1,0,20260205,DAL,SAS
Shot Chart Detail,0022500738,615,1642844,Dylan Harper,1610612759,San Antonio Spurs,4,6,29,Made Shot,Driving Bank Hook Shot,2PT Field Goal,Restricted Area,Center(C),Less Than 8 ft.,3,-26,16,1,1,20260205,DAL,SAS
Shot Chart Detail,0022500738,618,1642844,Dylan Harper,1610612759,San Antonio Spurs,4,6,5,Missed Shot,Step Back Jump shot,2PT Field Goal,Mid-Range,Right Side Center(RC),16-24 ft.,19,150,132,1,0,20260205,DAL,SAS
Shot Chart Detail,0022500738,648,1642844,Dylan Harper,1610612759,San Antonio Spurs,4,4,20,Missed Shot,Jump Shot,3PT Field Goal,Right Corner 3,Right Side(R),24+ ft.,23,232,11,1,0,20260205,DAL,SAS
Shot Chart Detail,0022500749,52,1642844,Dylan Harper,1610612759,San Antonio Spurs,1,7,57,Missed Shot,Running Alley Oop Layup Shot,2PT Field Goal,In The Paint (Non-RA),Center(C),Less Than 8 ft.,5,17,-51,1,0,20260207,SAS,DAL
Shot Chart Detail,0022500749,157,1642844,Dylan Harper,1610612759,San Antonio Spurs,1,1,37,Made Shot,Driving Finger Roll Layup Shot,2PT Field Goal,Restricted Area,Center(C),Less Than 8 ft.,0,1,0,1,1,20260207,SAS,DAL
Shot Chart Detail,0022500749,253,1642844,Dylan Harper,1610612759,San Antonio Spurs,2,8,16,Made Shot,Driving Finger Roll Layup Shot,2PT Field Goal,Restricted Area,Center(C),Less Than 8 ft.,0,4,7,1,1,20260207,SAS,DAL
Shot Chart Detail,0022500749,307,1642844,Dylan Harper,1610612759,San Antonio Spurs,2,5,19,Missed Shot,Running Layup Shot,2PT Field Goal,Restricted Area,Center(C),Less Than 8 ft.,0,4,5,1,0,20260207,SAS,DAL
Shot Chart Detail,0022500749,491,1642844,Dylan Harper,1610612759,San Antonio Spurs,3,5,22,Made Shot,Jump Shot,3PT Field Goal,Above the Break 3,Left Side Center(LC),24+ ft.,25,-137,215,1,1,20260207,SAS,DAL
Shot Chart Detail,0022500749,645,1642844,Dylan Harper,1610612759,San Antonio Spurs,4,7,4,Missed Shot,Turnaround Jump Shot,2PT Field Goal,Mid-Range,Right Side(R),8-16 ft.,11,107,37,1,0,20260207,SAS,DAL
Shot Chart Detail,0022500749,686,1642844,Dylan Harper,1610612759,San Antonio Spurs,4,4,1,Made Shot,Driving Finger Roll Layup Shot,2PT Field Goal,Restricted Area,Center(C),Less Than 8 ft.,2,11,21,1,1,20260207,SAS,DAL
Shot Chart Detail,0022500749,697,1642844,Dylan Harper,1610612759,San Antonio Spurs,4,3,30,Made Shot,Pullup Jump shot,2PT Field Goal,In The Paint (Non-RA),Center(C),8-16 ft.,10,40,92,1,1,20260207,SAS,DAL
Shot Chart Detail,0022500774,184,1642844,Dylan Harper,1610612759,San Antonio Spurs,2,11,38,Made Shot,Running Alley Oop Dunk Shot,2PT Field Goal,Restricted Area,Center(C),Less Than 8 ft.,1,-12,-10,1,1,20260210,LAL,SAS
Shot Chart Detail,0022500774,190,1642844,Dylan Harper,1610612759,San Antonio Spurs,2,11,14,Made Shot,Running Alley Oop Layup Shot,2PT Field Goal,Restricted Area,Center(C),Less Than 8 ft.,1,2,12,1,1,20260210,LAL,SAS
Shot Chart Detail,0022500774,320,1642844,Dylan Harper,1610612759,San Antonio Spurs,2,2,14,Made Shot,Driving Layup Shot,2PT Field Goal,Restricted Area,Center(C),Less Than 8 ft.,3,-20,31,1,1,20260210,LAL,SAS
Shot Chart Detail,0022500774,462,1642844,Dylan Harper,1610612759,San Antonio Spurs,3,3,19,Made Shot,Pullup Jump shot,2PT Field Goal,Mid-Range,Right Side Center(RC),16-24 ft.,16,67,147,1,1,20260210,LAL,SAS
Shot Chart Detail,0022500774,478,1642844,Dylan Harper,1610612759,San Antonio Spurs,3,2,31,Made Shot,Running Layup Shot,2PT Field Goal,Restricted Area,Center(C),Less Than 8 ft.,3,23,21,1,1,20260210,LAL,SAS
Shot Chart Detail,0022500774,502,1642844,Dylan Harper,1610612759,San Antonio Spurs,3,0,28,Missed Shot,Pullup Jump shot,3PT Field Goal,Above the Break 3,Right Side Center(RC),24+ ft.,27,158,230,1,0,20260210,LAL,SAS
Shot Chart Detail,0022500774,516,1642844,Dylan Harper,1610612759,San Antonio Spurs,4,11,38,Missed Shot,Pullup Jump shot,2PT Field Goal,In The Paint (Non-RA),Left Side(L),8-16 ft.,11,-64,99,1,0,20260210,LAL,SAS
Shot Chart Detail,0022500774,636,1642844,Dylan Harper,1610612759,San Antonio Spurs,4,3,3,Made Shot,Driving Layup Shot,2PT Field Goal,Restricted Area,Center(C),Less Than 8 ft.,2,5,26,1,1,20260210,LAL,SAS
Shot Chart Detail,0022500788,58,1642844,Dylan Harper,1610612759,San Antonio Spurs,1,7,24,Made Shot,Jump Shot,3PT Field Goal,Above the Break 3,Right Side Center(RC),24+ ft.,25,184,177,1,1,20260211,GSW,SAS
Shot Chart Detail,0022500788,132,1642844,Dylan Harper,1610612759,San Antonio Spurs,1,2,12,Missed Shot,Jump Shot,3PT Field Goal,Above the Break 3,Right Side Center(RC),24+ ft.,27,167,218,1,0,20260211,GSW,SAS
Shot Chart Detail,0022500788,310,1642844,Dylan Harper,1610612759,San Antonio Spurs,2,3,42,Missed Shot,Jump Shot,3PT Field Goal,Right Corner 3,Right Side(R),24+ ft.,22,225,29,1,0,20260211,GSW,SAS
Shot Chart Detail,0022500788,335,1642844,Dylan Harper,1610612759,San Antonio Spurs,2,2,32,Missed Shot,Driving Layup Shot,2PT Field Goal,In The Paint (Non-RA),Center(C),Less Than 8 ft.,4,31,26,1,0,20260211,GSW,SAS
Shot Chart Detail,0022500788,342,1642844,Dylan Harper,1610612759,San Antonio Spurs,2,1,53,Made Shot,Cutting Layup Shot,2PT Field Goal,Restricted Area,Center(C),Less Than 8 ft.,1,-16,10,1,1,20260211,GSW,SAS
Shot Chart Detail,0022500788,375,1642844,Dylan Harper,1610612759,San Antonio Spurs,2,0,38,Made Shot,Putback Layup Shot,2PT Field Goal,Restricted Area,Center(C),Less Than 8 ft.,2,23,15,1,1,20260211,GSW,SAS
Shot Chart Detail,0022500788,502,1642844,Dylan Harper,1610612759,San Antonio Spurs,3,4,51,Made Shot,Running Pull-Up Jump Shot,2PT Field Goal,In The Paint (Non-RA),Center(C),Less Than 8 ft.,6,-12,68,1,1,20260211,GSW,SAS
Shot Chart Detail,0022500788,526,1642844,Dylan Harper,1610612759,San Antonio Spurs,3,3,2,Missed Shot,Fadeaway Jump Shot,2PT Field Goal,In The Paint (Non-RA),Center(C),8-16 ft.,10,32,96,1,0,20260211,GSW,SAS
Shot Chart Detail,0022500788,621,1642844,Dylan Harper,1610612759,San Antonio Spurs,4,9,6,Made Shot,Running Layup Shot,2PT Field Goal,Restricted Area,Center(C),Less Than 8 ft.,1,16,10,1,1,20260211,GSW,SAS
Shot Chart Detail,0022500788,650,1642844,Dylan Harper,1610612759,San Antonio Spurs,4,7,17,Made Shot,Driving Layup Shot,2PT Field Goal,Restricted Area,Center(C),Less Than 8 ft.,1,-13,6,1,1,20260211,GSW,SAS
Shot Chart Detail,0022500798,107,1642844,Dylan Harper,1610612759,San Antonio Spurs,1,4,34,Made Shot,Pullup Jump shot,2PT Field Goal,Mid-Range,Right Side(R),8-16 ft.,11,107,48,1,1,20260219,SAS,PHX
Shot Chart Detail,0022500798,117,1642844,Dylan Harper,1610612759,San Antonio Spurs,1,3,25,Made Shot,Running Jump Shot,3PT Field Goal,Left Corner 3,Left Side(L),24+ ft.,23,-234,13,1,1,20260219,SAS,PHX
Shot Chart Detail,0022500798,282,1642844,Dylan Harper,1610612759,San Antonio Spurs,2,4,31,Made Shot,Running Layup Shot,2PT Field Goal,Restricted Area,Center(C),Less Than 8 ft.,0,-2,5,1,1,20260219,SAS,PHX
Shot Chart Detail,0022500798,444,1642844,Dylan Harper,1610612759,San Antonio Spurs,3,5,41,Missed Shot,Running Pull-Up Jump Shot,3PT Field Goal,Above the Break 3,Right Side Center(RC),24+ ft.,25,89,235,1,0,20260219,SAS,PHX
Shot Chart Detail,0022500798,465,1642844,Dylan Harper,1610612759,San Antonio Spurs,3,4,23,Made Shot,Cutting Finger Roll Layup Shot,2PT Field Goal,Restricted Area,Center(C),Less Than 8 ft.,0,6,-4,1,1,20260219,SAS,PHX
Shot Chart Detail,0022500798,495,1642844,Dylan Harper,1610612759,San Antonio Spurs,3,2,10,Missed Shot,Driving Finger Roll Layup Shot,2PT Field Goal,Restricted Area,Center(C),Less Than 8 ft.,1,6,9,1,0,20260219,SAS,PHX
Shot Chart Detail,0022500798,572,1642844,Dylan Harper,1610612759,San Antonio Spurs,4,8,44,Missed Shot,Running Jump Shot,3PT Field Goal,Left Corner 3,Left Side(L),24+ ft.,24,-232,66,1,0,20260219,SAS,PHX
Shot Chart Detail,0022500798,576,1642844,Dylan Harper,1610612759,San Antonio Spurs,4,8,16,Made Shot,Step Back Jump shot,2PT Field Goal,In The Paint (Non-RA),Right Side(R),8-16 ft.,13,71,110,1,1,20260219,SAS,PHX
Shot Chart Detail,0022500798,614,1642844,Dylan Harper,1610612759,San Antonio Spurs,4,5,25,Made Shot,Jump Shot,3PT Field Goal,Above the Break 3,Right Side Center(RC),24+ ft.,27,190,200,1,1,20260219,SAS,PHX
Shot Chart Detail,0022500798,658,1642844,Dylan Harper,1610612759,San Antonio Spurs,4,1,42,Missed Shot,Pullup Jump shot,3PT Field Goal,Above the Break 3,Center(C),24+ ft.,25,10,250,1,0,20260219,SAS,PHX
Shot Chart Detail,0022500798,666,1642844,Dylan Harper,1610612759,San Antonio Spurs,4,0,53,Made Shot,Pullup Jump shot,2PT Field Goal,Mid-Range,Center(C),16-24 ft.,19,27,194,1,1,20260219,SAS,PHX
Shot Chart Detail,0022500815,113,1642844,Dylan Harper,1610612759,San Antonio Spurs,1,3,36,Made Shot,Turnaround Bank Hook Shot,2PT Field Goal,In The Paint (Non-RA),Center(C),Less Than 8 ft.,6,-4,68,1,1,20260221,SAS,SAC
Shot Chart Detail,0022500815,160,1642844,Dylan Harper,1610612759,San Antonio Spurs,1,0,16,Missed Shot,Driving Layup Shot,2PT Field Goal,Restricted Area,Center(C),Less Than 8 ft.,3,26,15,1,0,20260221,SAS,SAC
Shot Chart Detail,0022500815,295,1642844,Dylan Harper,1610612759,San Antonio Spurs,2,4,39,Missed Shot,Jump Shot,2PT Field Goal,Mid-Range,Right Side(R),16-24 ft.,20,205,-19,1,0,20260221,SAS,SAC
Shot Chart Detail,0022500815,317,1642844,Dylan Harper,1610612759,San Antonio Spurs,2,3,9,Made Shot,Cutting Dunk Shot,2PT Field Goal,Restricted Area,Center(C),Less Than 8 ft.,0,-4,2,1,1,20260221,SAS,SAC
Shot Chart Detail,0022500815,490,1642844,Dylan Harper,1610612759,San Antonio Spurs,3,5,20,Missed Shot,Jump Shot,3PT Field Goal,Above the Break 3,Right Side Center(RC),24+ ft.,25,229,105,1,0,20260221,SAS,SAC
Shot Chart Detail,0022500815,498,1642844,Dylan Harper,1610612759,San Antonio Spurs,3,4,23,Made Shot,Driving Finger Roll Layup Shot,2PT Field Goal,Restricted Area,Center(C),Less Than 8 ft.,2,22,-8,1,1,20260221,SAS,SAC
Shot Chart Detail,0022500815,572,1642844,Dylan Harper,1610612759,San Antonio Spurs,4,10,58,Missed Shot,Driving Layup Shot,2PT Field Goal,Restricted Area,Center(C),Less Than 8 ft.,0,9,4,1,0,20260221,SAS,SAC
Shot Chart Detail,0022500815,574,1642844,Dylan Harper,1610612759,San Antonio Spurs,4,10,54,Made Shot,Putback Layup Shot,2PT Field Goal,Restricted Area,Center(C),Less Than 8 ft.,0,0,0,1,1,20260221,SAS,SAC
Shot Chart Detail,0022500815,598,1642844,Dylan Harper,1610612759,San Antonio Spurs,4,8,45,Made Shot,Driving Dunk Shot,2PT Field Goal,Restricted Area,Center(C),Less Than 8 ft.,0,1,-8,1,1,20260221,SAS,SAC
Shot Chart Detail,0022500828,113,1642844,Dylan Harper,1610612759,San Antonio Spurs,1,4,35,Made Shot,Driving Reverse Layup Shot,2PT Field Goal,In The Paint (Non-RA),Center(C),Less Than 8 ft.,4,-36,32,1,1,20260223,DET,SAS
Shot Chart Detail,0022500828,510,1642844,Dylan Harper,1610612759,San Antonio Spurs,3,3,26,Made Shot,Driving Layup Shot,2PT Field Goal,Restricted Area,Center(C),Less Than 8 ft.,2,7,27,1,1,20260223,DET,SAS
Shot Chart Detail,0022500828,587,1642844,Dylan Harper,1610612759,San Antonio Spurs,3,2,11,Missed Shot,Tip Layup Shot,2PT Field Goal,In The Paint (Non-RA),Center(C),Less Than 8 ft.,6,-45,42,1,0,20260223,DET,SAS
Shot Chart Detail,0022500828,531,1642844,Dylan Harper,1610612759,San Antonio Spurs,3,1,53,Missed Shot,Running Layup Shot,2PT Field Goal,Restricted Area,Center(C),Less Than 8 ft.,3,-36,-4,1,0,20260223,DET,SAS
Shot Chart Detail,0022500828,615,1642844,Dylan Harper,1610612759,San Antonio Spurs,4,10,4,Missed Shot,Pullup Jump shot,3PT Field Goal,Above the Break 3,Left Side Center(LC),24+ ft.,26,-194,184,1,0,20260223,DET,SAS
Shot Chart Detail,0022500828,630,1642844,Dylan Harper,1610612759,San Antonio Spurs,4,9,27,Missed Shot,Reverse Layup Shot,2PT Field Goal,Restricted Area,Center(C),Less Than 8 ft.,2,26,1,1,0,20260223,DET,SAS
Shot Chart Detail,0022500828,708,1642844,Dylan Harper,1610612759,San Antonio Spurs,4,4,54,Missed Shot,Turnaround Jump Shot,2PT Field Goal,In The Paint (Non-RA),Center(C),Less Than 8 ft.,7,-54,52,1,0,20260223,DET,SAS
Shot Chart Detail,0022500843,85,1642844,Dylan Harper,1610612759,San Antonio Spurs,1,4,49,Made Shot,Jump Shot,3PT Field Goal,Above the Break 3,Right Side Center(RC),24+ ft.,26,125,230,1,1,20260225,TOR,SAS
Shot Chart Detail,0022500843,112,1642844,Dylan Harper,1610612759,San Antonio Spurs,1,3,14,Made Shot,Driving Floating Jump Shot,2PT Field Goal,In The Paint (Non-RA),Center(C),Less Than 8 ft.,6,-37,56,1,1,20260225,TOR,SAS
Shot Chart Detail,0022500843,130,1642844,Dylan Harper,1610612759,San Antonio Spurs,1,1,49,Made Shot,Driving Finger Roll Layup Shot,2PT Field Goal,Restricted Area,Center(C),Less Than 8 ft.,0,-2,3,1,1,20260225,TOR,SAS
Shot Chart Detail,0022500843,143,1642844,Dylan Harper,1610612759,San Antonio Spurs,1,0,32,Made Shot,Driving Floating Jump Shot,2PT Field Goal,Mid-Range,Right Side(R),8-16 ft.,14,110,93,1,1,20260225,TOR,SAS
Shot Chart Detail,0022500843,162,1642844,Dylan Harper,1610612759,San Antonio Spurs,2,11,42,Made Shot,Running Dunk Shot,2PT Field Goal,Restricted Area,Center(C),Less Than 8 ft.,0,-4,8,1,1,20260225,TOR,SAS
Shot Chart Detail,0022500843,264,1642844,Dylan Harper,1610612759,San Antonio Spurs,2,5,53,Made Shot,Driving Finger Roll Layup Shot,2PT Field Goal,Restricted Area,Center(C),Less Than 8 ft.,0,-2,-1,1,1,20260225,TOR,SAS
Shot Chart Detail,0022500843,279,1642844,Dylan Harper,1610612759,San Antonio Spurs,2,4,34,Missed Shot,Jump Shot,3PT Field Goal,Above the Break 3,Right Side Center(RC),24+ ft.,25,169,189,1,0,20260225,TOR,SAS
Shot Chart Detail,0022500843,345,1642844,Dylan Harper,1610612759,San Antonio Spurs,2,0,2,Made Shot,Driving Finger Roll Layup Shot,2PT Field Goal,Restricted Area,Center(C),Less Than 8 ft.,1,-11,10,1,1,20260225,TOR,SAS
Shot Chart Detail,0022500843,417,1642844,Dylan Harper,1610612759,San Antonio Spurs,3,7,28,Missed Shot,Jump Shot,3PT Field Goal,Right Corner 3,Right Side(R),24+ ft.,24,238,49,1,0,20260225,TOR,SAS
Shot Chart Detail,0022500843,467,1642844,Dylan Harper,1610612759,San Antonio Spurs,3,4,2,Missed Shot,Pullup Jump shot,2PT Field Goal,In The Paint (Non-RA),Center(C),8-16 ft.,12,49,117,1,0,20260225,TOR,SAS
Shot Chart Detail,0022500843,484,1642844,Dylan Harper,1610612759,San Antonio Spurs,3,2,43,Missed Shot,Jump Shot,3PT Field Goal,Above the Break 3,Center(C),24+ ft.,26,71,253,1,0,20260225,TOR,SAS
Shot Chart Detail,0022500851,108,1642844,Dylan Harper,1610612759,San Antonio Spurs,1,4,5,Missed Shot,Pullup Jump shot,2PT Field Goal,Restricted Area,Center(C),Less Than 8 ft.,3,29,17,1,0,20260226,BKN,SAS
Shot Chart Detail,0022500851,112,1642844,Dylan Harper,1610612759,San Antonio Spurs,1,3,39,Missed Shot,Jump Shot,3PT Field Goal,Above the Break 3,Right Side Center(RC),24+ ft.,24,109,222,1,0,20260226,BKN,SAS
Shot Chart Detail,0022500851,169,1642844,Dylan Harper,1610612759,San Antonio Spurs,1,0,3,Made Shot,Pullup Jump shot,2PT Field Goal,In The Paint (Non-RA),Center(C),8-16 ft.,12,39,114,1,1,20260226,BKN,SAS
Shot Chart Detail,0022500851,196,1642844,Dylan Harper,1610612759,San Antonio Spurs,2,10,38,Made Shot,Jump Shot,3PT Field Goal,Above the Break 3,Center(C),24+ ft.,24,10,247,1,1,20260226,BKN,SAS
Shot Chart Detail,0022500851,315,1642844,Dylan Harper,1610612759,San Antonio Spurs,2,1,57,Missed Shot,Pullup Jump shot,2PT Field Goal,Mid-Range,Right Side Center(RC),16-24 ft.,20,107,171,1,0,20260226,BKN,SAS
Shot Chart Detail,0022500851,475,1642844,Dylan Harper,1610612759,San Antonio Spurs,3,2,44,Made Shot,Driving Dunk Shot,2PT Field Goal,Restricted Area,Center(C),Less Than 8 ft.,2,-4,21,1,1,20260226,BKN,SAS
Shot Chart Detail,0022500851,586,1642844,Dylan Harper,1610612759,San Antonio Spurs,4,8,8,Made Shot,Driving Reverse Layup Shot,2PT Field Goal,Restricted Area,Center(C),Less Than 8 ft.,3,-31,18,1,1,20260226,BKN,SAS
Shot Chart Detail,0022500851,590,1642844,Dylan Harper,1610612759,San Antonio Spurs,4,7,44,Missed Shot,Jump Shot,3PT Field Goal,Left Corner 3,Left Side(L),24+ ft.,23,-228,64,1,0,20260226,BKN,SAS
Shot Chart Detail,0022500851,672,1642844,Dylan Harper,1610612759,San Antonio Spurs,4,1,29,Missed Shot,Jump Shot,3PT Field Goal,Above the Break 3,Left Side Center(LC),24+ ft.,25,-196,157,1,0,20260226,BKN,SAS
Shot Chart Detail,0022500868,125,1642844,Dylan Harper,1610612759,San Antonio Spurs,1,2,34,Missed Shot,Pullup Jump shot,2PT Field Goal,Mid-Range,Right Side Center(RC),16-24 ft.,19,112,162,1,0,20260301,NYK,SAS
Shot Chart Detail,0022500868,241,1642844,Dylan Harper,1610612759,San Antonio Spurs,2,6,38,Made Shot,Driving Layup Shot,2PT Field Goal,Restricted Area,Center(C),Less Than 8 ft.,3,15,32,1,1,20260301,NYK,SAS
Shot Chart Detail,0022500868,254,1642844,Dylan Harper,1610612759,San Antonio Spurs,2,5,56,Made Shot,Driving Finger Roll Layup Shot,2PT Field Goal,Restricted Area,Center(C),Less Than 8 ft.,1,6,11,1,1,20260301,NYK,SAS
Shot Chart Detail,0022500868,303,1642844,Dylan Harper,1610612759,San Antonio Spurs,2,2,8,Missed Shot,Driving Layup Shot,2PT Field Goal,Restricted Area,Center(C),Less Than 8 ft.,1,-5,9,1,0,20260301,NYK,SAS
Shot Chart Detail,0022500868,445,1642844,Dylan Harper,1610612759,San Antonio Spurs,3,4,25,Made Shot,Driving Finger Roll Layup Shot,2PT Field Goal,Restricted Area,Center(C),Less Than 8 ft.,1,-11,11,1,1,20260301,NYK,SAS
Shot Chart Detail,0022500868,479,1642844,Dylan Harper,1610612759,San Antonio Spurs,3,2,22,Missed Shot,Tip Layup Shot,2PT Field Goal,Restricted Area,Center(C),Less Than 8 ft.,0,0,0,1,0,20260301,NYK,SAS
Shot Chart Detail,0022500868,494,1642844,Dylan Harper,1610612759,San Antonio Spurs,3,0,52,Missed Shot,Driving Layup Shot,2PT Field Goal,Restricted Area,Center(C),Less Than 8 ft.,2,17,13,1,0,20260301,NYK,SAS
Shot Chart Detail,0022500888,85,1642844,Dylan Harper,1610612759,San Antonio Spurs,1,6,43,Made Shot,Cutting Layup Shot,2PT Field Goal,Restricted Area,Center(C),Less Than 8 ft.,0,9,4,1,1,20260303,PHI,SAS
Shot Chart Detail,0022500888,102,1642844,Dylan Harper,1610612759,San Antonio Spurs,1,5,42,Made Shot,Driving Layup Shot,2PT Field Goal,Restricted Area,Center(C),Less Than 8 ft.,1,18,5,1,1,20260303,PHI,SAS
Shot Chart Detail,0022500888,117,1642844,Dylan Harper,1610612759,San Antonio Spurs,1,4,27,Missed Shot,Jump Shot,3PT Field Goal,Above the Break 3,Left Side Center(LC),24+ ft.,25,-202,154,1,0,20260303,PHI,SAS
Shot Chart Detail,0022500888,138,1642844,Dylan Harper,1610612759,San Antonio Spurs,1,3,40,Made Shot,Pullup Jump shot,2PT Field Goal,In The Paint (Non-RA),Center(C),8-16 ft.,10,-45,100,1,1,20260303,PHI,SAS
Shot Chart Detail,0022500888,171,1642844,Dylan Harper,1610612759,San Antonio Spurs,1,0,4,Made Shot,Jump Shot,3PT Field Goal,Above the Break 3,Center(C),24+ ft.,25,-56,253,1,1,20260303,PHI,SAS
Shot Chart Detail,0022500888,186,1642844,Dylan Harper,1610612759,San Antonio Spurs,2,11,10,Made Shot,Jump Shot,3PT Field Goal,Above the Break 3,Center(C),24+ ft.,26,-5,269,1,1,20260303,PHI,SAS
Shot Chart Detail,0022500888,464,1642844,Dylan Harper,1610612759,San Antonio Spurs,3,4,44,Made Shot,Driving Layup Shot,2PT Field Goal,Restricted Area,Center(C),Less Than 8 ft.,2,-25,4,1,1,20260303,PHI,SAS
Shot Chart Detail,0022500888,481,1642844,Dylan Harper,1610612759,San Antonio Spurs,3,4,1,Made Shot,Driving Layup Shot,2PT Field Goal,Restricted Area,Center(C),Less Than 8 ft.,2,-20,14,1,1,20260303,PHI,SAS
Shot Chart Detail,0022500888,488,1642844,Dylan Harper,1610612759,San Antonio Spurs,3,2,57,Made Shot,Driving Floating Jump Shot,2PT Field Goal,In The Paint (Non-RA),Center(C),8-16 ft.,8,-22,87,1,1,20260303,PHI,SAS
Shot Chart Detail,0022500888,531,1642844,Dylan Harper,1610612759,San Antonio Spurs,3,0,2,Missed Shot,Pullup Jump shot,3PT Field Goal,Above the Break 3,Left Side Center(LC),24+ ft.,28,-93,269,1,0,20260303,PHI,SAS
Shot Chart Detail,0022500888,561,1642844,Dylan Harper,1610612759,San Antonio Spurs,4,10,25,Missed Shot,Driving Layup Shot,2PT Field Goal,Restricted Area,Center(C),Less Than 8 ft.,2,-1,26,1,0,20260303,PHI,SAS
Shot Chart Detail,0022500904,94,1642844,Dylan Harper,1610612759,San Antonio Spurs,1,5,27,Made Shot,Jump Shot,3PT Field Goal,Right Corner 3,Right Side(R),24+ ft.,22,228,-25,1,1,20260305,SAS,DET
Shot Chart Detail,0022500904,270,1642844,Dylan Harper,1610612759,San Antonio Spurs,2,6,39,Missed Shot,Driving Layup Shot,2PT Field Goal,Restricted Area,Center(C),Less Than 8 ft.,2,-26,5,1,0,20260305,SAS,DET
Shot Chart Detail,0022500904,288,1642844,Dylan Harper,1610612759,San Antonio Spurs,2,5,39,Made Shot,Driving Finger Roll Layup Shot,2PT Field Goal,Restricted Area,Center(C),Less Than 8 ft.,2,2,20,1,1,20260305,SAS,DET
Shot Chart Detail,0022500904,484,1642844,Dylan Harper,1610612759,San Antonio Spurs,3,4,23,Missed Shot,Jump Shot,3PT Field Goal,Above the Break 3,Left Side Center(LC),24+ ft.,25,-134,215,1,0,20260305,SAS,DET
Shot Chart Detail,0022500904,635,1642844,Dylan Harper,1610612759,San Antonio Spurs,4,6,28,Made Shot,Driving Dunk Shot,2PT Field Goal,Restricted Area,Center(C),Less Than 8 ft.,1,-7,9,1,1,20260305,SAS,DET
Shot Chart Detail,0022500913,125,1642844,Dylan Harper,1610612759,San Antonio Spurs,1,2,6,Made Shot,Cutting Dunk Shot,2PT Field Goal,Restricted Area,Center(C),Less Than 8 ft.,0,-1,1,1,1,20260306,SAS,LAC
Shot Chart Detail,0022500913,183,1642844,Dylan Harper,1610612759,San Antonio Spurs,2,10,28,Missed Shot,Pullup Jump shot,2PT Field Goal,In The Paint (Non-RA),Center(C),Less Than 8 ft.,5,-17,55,1,0,20260306,SAS,LAC
Shot Chart Detail,0022500913,330,1642844,Dylan Harper,1610612759,San Antonio Spurs,2,0,17,Made Shot,Jump Shot,3PT Field Goal,Above the Break 3,Right Side Center(RC),24+ ft.,24,208,138,1,1,20260306,SAS,LAC
Shot Chart Detail,0022500913,453,1642844,Dylan Harper,1610612759,San Antonio Spurs,3,3,40,Made Shot,Driving Finger Roll Layup Shot,2PT Field Goal,Restricted Area,Center(C),Less Than 8 ft.,2,-2,20,1,1,20260306,SAS,LAC
Shot Chart Detail,0022500913,473,1642844,Dylan Harper,1610612759,San Antonio Spurs,3,1,7,Missed Shot,Pullup Jump shot,2PT Field Goal,Mid-Range,Center(C),16-24 ft.,19,45,185,1,0,20260306,SAS,LAC
Shot Chart Detail,0022500927,67,1642844,Dylan Harper,1610612759,San Antonio Spurs,1,6,37,Made Shot,Jump Shot,3PT Field Goal,Above the Break 3,Right Side Center(RC),24+ ft.,25,217,127,1,1,20260308,SAS,HOU
Shot Chart Detail,0022500927,75,1642844,Dylan Harper,1610612759,San Antonio Spurs,1,5,59,Made Shot,Jump Shot,3PT Field Goal,Above the Break 3,Right Side Center(RC),24+ ft.,25,200,166,1,1,20260308,SAS,HOU
Shot Chart Detail,0022500927,112,1642844,Dylan Harper,1610612759,San Antonio Spurs,1,3,37,Missed Shot,Pullup Jump shot,3PT Field Goal,Above the Break 3,Center(C),24+ ft.,25,64,243,1,0,20260308,SAS,HOU
Shot Chart Detail,0022500927,145,1642844,Dylan Harper,1610612759,San Antonio Spurs,1,1,0,Made Shot,Driving Reverse Layup Shot,2PT Field Goal,Restricted Area,Center(C),Less Than 8 ft.,1,-11,1,1,1,20260308,SAS,HOU
Shot Chart Detail,0022500927,220,1642844,Dylan Harper,1610612759,San Antonio Spurs,2,8,42,Made Shot,Running Layup Shot,2PT Field Goal,Restricted Area,Center(C),Less Than 8 ft.,1,-15,-2,1,1,20260308,SAS,HOU
Shot Chart Detail,0022500927,289,1642844,Dylan Harper,1610612759,San Antonio Spurs,2,3,45,Made Shot,Jump Shot,3PT Field Goal,Above the Break 3,Right Side Center(RC),24+ ft.,25,232,106,1,1,20260308,SAS,HOU
Shot Chart Detail,0022500927,303,1642844,Dylan Harper,1610612759,San Antonio Spurs,2,2,47,Made Shot,Cutting Finger Roll Layup Shot,2PT Field Goal,Restricted Area,Center(C),Less Than 8 ft.,2,10,19,1,1,20260308,SAS,HOU
Shot Chart Detail,0022500927,330,1642844,Dylan Harper,1610612759,San Antonio Spurs,2,0,36,Made Shot,Driving Dunk Shot,2PT Field Goal,Restricted Area,Center(C),Less Than 8 ft.,1,11,3,1,1,20260308,SAS,HOU
Shot Chart Detail,0022500927,463,1642844,Dylan Harper,1610612759,San Antonio Spurs,3,3,13,Missed Shot,Step Back Jump shot,2PT Field Goal,In The Paint (Non-RA),Center(C),8-16 ft.,13,2,131,1,0,20260308,SAS,HOU
Shot Chart Detail,0022500927,519,1642844,Dylan Harper,1610612759,San Antonio Spurs,3,0,0,Missed Shot,Running Finger Roll Layup Shot,2PT Field Goal,Restricted Area,Center(C),Less Than 8 ft.,2,15,17,1,0,20260308,SAS,HOU
Shot Chart Detail,0022500927,565,1642844,Dylan Harper,1610612759,San Antonio Spurs,4,10,3,Missed Shot,Driving Layup Shot,2PT Field Goal,Restricted Area,Center(C),Less Than 8 ft.,2,20,13,1,0,20260308,SAS,HOU
Shot Chart Detail,0022500927,682,1642844,Dylan Harper,1610612759,San Antonio Spurs,4,3,58,Made Shot,Running Layup Shot,2PT Field Goal,Restricted Area,Center(C),Less Than 8 ft.,1,-12,13,1,1,20260308,SAS,HOU
Shot Chart Detail,0022500942,139,1642844,Dylan Harper,1610612759,San Antonio Spurs,1,1,58,Made Shot,Pullup Jump shot,2PT Field Goal,Mid-Range,Left Side(L),8-16 ft.,13,-97,92,1,1,20260310,SAS,BOS
Shot Chart Detail,0022500942,239,1642844,Dylan Harper,1610612759,San Antonio Spurs,2,6,42,Missed Shot,Turnaround Jump Shot,2PT Field Goal,In The Paint (Non-RA),Center(C),Less Than 8 ft.,5,-10,49,1,0,20260310,SAS,BOS
Shot Chart Detail,0022500942,397,1642844,Dylan Harper,1610612759,San Antonio Spurs,3,6,42,Made Shot,Driving Finger Roll Layup Shot,2PT Field Goal,Restricted Area,Center(C),Less Than 8 ft.,1,-9,8,1,1,20260310,SAS,BOS
Shot Chart Detail,0022500942,438,1642844,Dylan Harper,1610612759,San Antonio Spurs,3,3,20,Made Shot,Driving Finger Roll Layup Shot,2PT Field Goal,Restricted Area,Center(C),Less Than 8 ft.,2,26,-2,1,1,20260310,SAS,BOS
Shot Chart Detail,0022500942,440,1642844,Dylan Harper,1610612759,San Antonio Spurs,3,2,50,Made Shot,Jump Shot,3PT Field Goal,Above the Break 3,Right Side Center(RC),24+ ft.,25,181,176,1,1,20260310,SAS,BOS
Shot Chart Detail,0022500942,458,1642844,Dylan Harper,1610612759,San Antonio Spurs,3,1,48,Missed Shot,Pullup Jump shot,2PT Field Goal,Mid-Range,Left Side Center(LC),16-24 ft.,17,-86,153,1,0,20260310,SAS,BOS
Shot Chart Detail,0022500942,503,1642844,Dylan Harper,1610612759,San Antonio Spurs,3,0,0,Missed Shot,Driving Layup Shot,2PT Field Goal,Restricted Area,Center(C),Less Than 8 ft.,0,-1,-1,1,0,20260310,SAS,BOS
Shot Chart Detail,0022500958,105,1642844,Dylan Harper,1610612759,San Antonio Spurs,1,4,11,Missed Shot,Driving Finger Roll Layup Shot,2PT Field Goal,Restricted Area,Center(C),Less Than 8 ft.,3,15,26,1,0,20260312,SAS,DEN
Shot Chart Detail,0022500958,107,1642844,Dylan Harper,1610612759,San Antonio Spurs,1,4,10,Missed Shot,Tip Layup Shot,2PT Field Goal,Restricted Area,Center(C),Less Than 8 ft.,0,0,0,1,0,20260312,SAS,DEN
Shot Chart Detail,0022500958,146,1642844,Dylan Harper,1610612759,San Antonio Spurs,1,2,7,Made Shot,Driving Layup Shot,2PT Field Goal,Restricted Area,Center(C),Less Than 8 ft.,2,-20,5,1,1,20260312,SAS,DEN
Shot Chart Detail,0022500958,204,1642844,Dylan Harper,1610612759,San Antonio Spurs,2,10,21,Missed Shot,Running Jump Shot,3PT Field Goal,Above the Break 3,Left Side Center(LC),24+ ft.,25,-112,224,1,0,20260312,SAS,DEN
Shot Chart Detail,0022500958,235,1642844,Dylan Harper,1610612759,San Antonio Spurs,2,8,28,Made Shot,Driving Layup Shot,2PT Field Goal,Restricted Area,Center(C),Less Than 8 ft.,3,31,24,1,1,20260312,SAS,DEN
Shot Chart Detail,0022500958,440,1642844,Dylan Harper,1610612759,San Antonio Spurs,3,6,27,Made Shot,Turnaround Jump Shot,2PT Field Goal,Mid-Range,Right Side(R),8-16 ft.,14,148,18,1,1,20260312,SAS,DEN
Shot Chart Detail,0022500958,449,1642844,Dylan Harper,1610612759,San Antonio Spurs,3,6,0,Made Shot,Driving Reverse Layup Shot,2PT Field Goal,Restricted Area,Center(C),Less Than 8 ft.,2,-4,20,1,1,20260312,SAS,DEN
Shot Chart Detail,0022500958,453,1642844,Dylan Harper,1610612759,San Antonio Spurs,3,5,37,Missed Shot,Running Layup Shot,2PT Field Goal,In The Paint (Non-RA),Center(C),Less Than 8 ft.,4,40,21,1,0,20260312,SAS,DEN
Shot Chart Detail,0022500958,527,1642844,Dylan Harper,1610612759,San Antonio Spurs,3,1,31,Made Shot,Running Finger Roll Layup Shot,2PT Field Goal,Restricted Area,Center(C),Less Than 8 ft.,2,-5,20,1,1,20260312,SAS,DEN
Shot Chart Detail,0022500958,632,1642844,Dylan Harper,1610612759,San Antonio Spurs,4,6,11,Made Shot,Jump Shot,3PT Field Goal,Right Corner 3,Right Side(R),24+ ft.,23,235,43,1,1,20260312,SAS,DEN
Shot Chart Detail,0022500958,646,1642844,Dylan Harper,1610612759,San Antonio Spurs,4,5,23,Missed Shot,Turnaround Jump Shot,2PT Field Goal,Mid-Range,Right Side(R),8-16 ft.,13,138,-15,1,0,20260312,SAS,DEN
Shot Chart Detail,0022500958,669,1642844,Dylan Harper,1610612759,San Antonio Spurs,4,3,56,Missed Shot,Jump Shot,3PT Field Goal,Above the Break 3,Left Side Center(LC),24+ ft.,25,-91,242,1,0,20260312,SAS,DEN
Shot Chart Detail,0022500998,81,1642844,Dylan Harper,1610612759,San Antonio Spurs,1,5,3,Made Shot,Driving Floating Jump Shot,2PT Field Goal,In The Paint (Non-RA),Center(C),Less Than 8 ft.,6,17,64,1,1,20260317,SAC,SAS
Shot Chart Detail,0022500998,113,1642844,Dylan Harper,1610612759,San Antonio Spurs,1,2,26,Made Shot,Jump Shot,3PT Field Goal,Above the Break 3,Center(C),24+ ft.,26,-11,265,1,1,20260317,SAC,SAS
Shot Chart Detail,0022500998,130,1642844,Dylan Harper,1610612759,San Antonio Spurs,1,0,35,Made Shot,Pullup Jump shot,2PT Field Goal,Mid-Range,Right Side(R),8-16 ft.,12,123,22,1,1,20260317,SAC,SAS
Shot Chart Detail,0022500998,440,1642844,Dylan Harper,1610612759,San Antonio Spurs,3,1,49,Made Shot,Jump Shot,3PT Field Goal,Above the Break 3,Left Side Center(LC),24+ ft.,24,-164,187,1,1,20260317,SAC,SAS
Shot Chart Detail,0022500998,446,1642844,Dylan Harper,1610612759,San Antonio Spurs,3,1,9,Made Shot,Jump Shot,3PT Field Goal,Above the Break 3,Left Side Center(LC),24+ ft.,24,-148,201,1,1,20260317,SAC,SAS
Shot Chart Detail,0022500998,460,1642844,Dylan Harper,1610612759,San Antonio Spurs,3,0,5,Missed Shot,Step Back Jump shot,3PT Field Goal,Above the Break 3,Right Side Center(RC),24+ ft.,26,190,178,1,0,20260317,SAC,SAS
Shot Chart Detail,0022500998,508,1642844,Dylan Harper,1610612759,San Antonio Spurs,4,7,44,Missed Shot,Jump Shot,3PT Field Goal,Above the Break 3,Right Side Center(RC),24+ ft.,25,137,210,1,0,20260317,SAC,SAS
Shot Chart Detail,0022500998,524,1642844,Dylan Harper,1610612759,San Antonio Spurs,4,6,25,Missed Shot,Pullup Jump shot,2PT Field Goal,Mid-Range,Left Side(L),8-16 ft.,15,-96,117,1,0,20260317,SAC,SAS
Shot Chart Detail,0022500998,544,1642844,Dylan Harper,1610612759,San Antonio Spurs,4,5,20,Made Shot,Step Back Jump shot,2PT Field Goal,Mid-Range,Left Side Center(LC),16-24 ft.,19,-91,169,1,1,20260317,SAC,SAS
Shot Chart Detail,0022501013,72,1642844,Dylan Harper,1610612759,San Antonio Spurs,1,4,21,Missed Shot,Jump Shot,3PT Field Goal,Above the Break 3,Center(C),24+ ft.,25,-20,258,1,0,20260319,SAS,PHX
Shot Chart Detail,0022501013,84,1642844,Dylan Harper,1610612759,San Antonio Spurs,1,2,51,Missed Shot,Running Layup Shot,2PT Field Goal,Restricted Area,Center(C),Less Than 8 ft.,1,-12,5,1,0,20260319,SAS,PHX
Shot Chart Detail,0022501013,86,1642844,Dylan Harper,1610612759,San Antonio Spurs,1,2,47,Missed Shot,Putback Layup Shot,2PT Field Goal,Restricted Area,Center(C),Less Than 8 ft.,0,0,0,1,0,20260319,SAS,PHX
Shot Chart Detail,0022501013,107,1642844,Dylan Harper,1610612759,San Antonio Spurs,1,2,1,Missed Shot,Step Back Jump shot,2PT Field Goal,Mid-Range,Left Side Center(LC),16-24 ft.,16,-108,130,1,0,20260319,SAS,PHX
Shot Chart Detail,0022501013,120,1642844,Dylan Harper,1610612759,San Antonio Spurs,1,0,43,Made Shot,Jump Shot,3PT Field Goal,Right Corner 3,Right Side(R),24+ ft.,22,228,4,1,1,20260319,SAS,PHX
Shot Chart Detail,0022501013,230,1642844,Dylan Harper,1610612759,San Antonio Spurs,2,6,4,Made Shot,Running Reverse Layup Shot,2PT Field Goal,Restricted Area,Center(C),Less Than 8 ft.,1,11,-1,1,1,20260319,SAS,PHX
Shot Chart Detail,0022501013,243,1642844,Dylan Harper,1610612759,San Antonio Spurs,2,5,9,Missed Shot,Cutting Finger Roll Layup Shot,2PT Field Goal,Restricted Area,Center(C),Less Than 8 ft.,1,16,5,1,0,20260319,SAS,PHX
Shot Chart Detail,0022501013,258,1642844,Dylan Harper,1610612759,San Antonio Spurs,2,4,4,Missed Shot,Turnaround Jump Shot,2PT Field Goal,In The Paint (Non-RA),Center(C),Less Than 8 ft.,6,20,62,1,0,20260319,SAS,PHX
Shot Chart Detail,0022501013,467,1642844,Dylan Harper,1610612759,San Antonio Spurs,3,2,36,Missed Shot,Putback Layup Shot,2PT Field Goal,Restricted Area,Center(C),Less Than 8 ft.,0,0,0,1,0,20260319,SAS,PHX
Shot Chart Detail,0022501028,24,1642844,Dylan Harper,1610612759,San Antonio Spurs,1,9,55,Made Shot,Driving Layup Shot,2PT Field Goal,Restricted Area,Center(C),Less Than 8 ft.,1,1,19,1,1,20260321,SAS,IND
Shot Chart Detail,0022501028,46,1642844,Dylan Harper,1610612759,San Antonio Spurs,1,7,52,Made Shot,Driving Reverse Layup Shot,2PT Field Goal,Restricted Area,Center(C),Less Than 8 ft.,0,5,5,1,1,20260321,SAS,IND
Shot Chart Detail,0022501028,97,1642844,Dylan Harper,1610612759,San Antonio Spurs,1,4,35,Made Shot,Pullup Jump shot,2PT Field Goal,In The Paint (Non-RA),Center(C),8-16 ft.,8,1,83,1,1,20260321,SAS,IND
Shot Chart Detail,0022501028,235,1642844,Dylan Harper,1610612759,San Antonio Spurs,2,7,14,Made Shot,Turnaround Jump Shot,2PT Field Goal,In The Paint (Non-RA),Center(C),8-16 ft.,12,-1,121,1,1,20260321,SAS,IND
Shot Chart Detail,0022501028,260,1642844,Dylan Harper,1610612759,San Antonio Spurs,2,5,31,Missed Shot,Driving Finger Roll Layup Shot,2PT Field Goal,Restricted Area,Center(C),Less Than 8 ft.,0,-6,4,1,0,20260321,SAS,IND
Shot Chart Detail,0022501028,347,1642844,Dylan Harper,1610612759,San Antonio Spurs,3,10,10,Missed Shot,Jump Shot,3PT Field Goal,Above the Break 3,Right Side Center(RC),24+ ft.,25,130,217,1,0,20260321,SAS,IND
Shot Chart Detail,0022501028,413,1642844,Dylan Harper,1610612759,San Antonio Spurs,3,5,57,Made Shot,Driving Finger Roll Layup Shot,2PT Field Goal,Restricted Area,Center(C),Less Than 8 ft.,1,-4,15,1,1,20260321,SAS,IND
Shot Chart Detail,0022501028,442,1642844,Dylan Harper,1610612759,San Antonio Spurs,3,4,3,Made Shot,Putback Layup Shot,2PT Field Goal,Restricted Area,Center(C),Less Than 8 ft.,0,0,0,1,1,20260321,SAS,IND
Shot Chart Detail,0022501028,476,1642844,Dylan Harper,1610612759,San Antonio Spurs,3,1,11,Made Shot,Running Layup Shot,2PT Field Goal,Restricted Area,Center(C),Less Than 8 ft.,1,-4,12,1,1,20260321,SAS,IND
Shot Chart Detail,0022501028,496,1642844,Dylan Harper,1610612759,San Antonio Spurs,3,0,1,Missed Shot,Pullup Jump shot,3PT Field Goal,Above the Break 3,Right Side Center(RC),24+ ft.,25,188,168,1,0,20260321,SAS,IND
Shot Chart Detail,0022501028,602,1642844,Dylan Harper,1610612759,San Antonio Spurs,4,5,15,Made Shot,Jump Shot,3PT Field Goal,Above the Break 3,Center(C),24+ ft.,25,-16,257,1,1,20260321,SAS,IND
Shot Chart Detail,0022501028,621,1642844,Dylan Harper,1610612759,San Antonio Spurs,4,4,46,Made Shot,Running Dunk Shot,2PT Field Goal,Restricted Area,Center(C),Less Than 8 ft.,0,0,8,1,1,20260321,SAS,IND
Shot Chart Detail,0022501028,624,1642844,Dylan Harper,1610612759,San Antonio Spurs,4,4,24,Missed Shot,Pullup Jump shot,3PT Field Goal,Above the Break 3,Right Side Center(RC),24+ ft.,25,99,230,1,0,20260321,SAS,IND
Shot Chart Detail,0022501041,78,1642844,Dylan Harper,1610612759,San Antonio Spurs,1,6,10,Made Shot,Driving Reverse Layup Shot,2PT Field Goal,Restricted Area,Center(C),Less Than 8 ft.,1,10,0,1,1,20260323,MIA,SAS
Shot Chart Detail,0022501041,109,1642844,Dylan Harper,1610612759,San Antonio Spurs,1,4,40,Made Shot,Jump Shot,3PT Field Goal,Above the Break 3,Left Side Center(LC),24+ ft.,26,-196,178,1,1,20260323,MIA,SAS
Shot Chart Detail,0022501041,143,1642844,Dylan Harper,1610612759,San Antonio Spurs,1,2,26,Missed Shot,Cutting Finger Roll Layup Shot,2PT Field Goal,Restricted Area,Center(C),Less Than 8 ft.,2,22,2,1,0,20260323,MIA,SAS
Shot Chart Detail,0022501041,150,1642844,Dylan Harper,1610612759,San Antonio Spurs,1,1,54,Missed Shot,Running Layup Shot,2PT Field Goal,Restricted Area,Center(C),Less Than 8 ft.,2,18,13,1,0,20260323,MIA,SAS
Shot Chart Detail,0022501041,291,1642844,Dylan Harper,1610612759,San Antonio Spurs,2,5,12,Missed Shot,Jump Shot,3PT Field Goal,Above the Break 3,Center(C),24+ ft.,25,22,251,1,0,20260323,MIA,SAS
Shot Chart Detail,0022501041,316,1642844,Dylan Harper,1610612759,San Antonio Spurs,2,3,48,Made Shot,Driving Layup Shot,2PT Field Goal,Restricted Area,Center(C),Less Than 8 ft.,1,-13,10,1,1,20260323,MIA,SAS
Shot Chart Detail,0022501041,318,1642844,Dylan Harper,1610612759,San Antonio Spurs,2,3,20,Made Shot,Reverse Layup Shot,2PT Field Goal,Restricted Area,Center(C),Less Than 8 ft.,0,6,7,1,1,20260323,MIA,SAS
Shot Chart Detail,0022501041,464,1642844,Dylan Harper,1610612759,San Antonio Spurs,3,5,42,Made Shot,Driving Layup Shot,2PT Field Goal,In The Paint (Non-RA),Center(C),Less Than 8 ft.,4,0,46,1,1,20260323,MIA,SAS
Shot Chart Detail,0022501041,502,1642844,Dylan Harper,1610612759,San Antonio Spurs,3,2,19,Made Shot,Jump Shot,3PT Field Goal,Above the Break 3,Center(C),24+ ft.,25,15,252,1,1,20260323,MIA,SAS
Shot Chart Detail,0022501041,615,1642844,Dylan Harper,1610612759,San Antonio Spurs,4,7,47,Made Shot,Pullup Jump shot,2PT Field Goal,Mid-Range,Center(C),16-24 ft.,17,-18,176,1,1,20260323,MIA,SAS
Shot Chart Detail,0022501041,639,1642844,Dylan Harper,1610612759,San Antonio Spurs,4,5,58,Made Shot,Pullup Jump shot,2PT Field Goal,In The Paint (Non-RA),Center(C),8-16 ft.,13,-20,131,1,1,20260323,MIA,SAS
Shot Chart Detail,0022501041,651,1642844,Dylan Harper,1610612759,San Antonio Spurs,4,5,14,Missed Shot,Jump Shot,3PT Field Goal,Left Corner 3,Left Side(L),24+ ft.,22,-223,4,1,0,20260323,MIA,SAS
Shot Chart Detail,0022501041,655,1642844,Dylan Harper,1610612759,San Antonio Spurs,4,5,3,Missed Shot,Driving Floating Jump Shot,2PT Field Goal,In The Paint (Non-RA),Center(C),8-16 ft.,11,0,111,1,0,20260323,MIA,SAS
Shot Chart Detail,0022501041,678,1642844,Dylan Harper,1610612759,San Antonio Spurs,4,3,2,Made Shot,Step Back Jump shot,3PT Field Goal,Above the Break 3,Right Side Center(RC),24+ ft.,24,153,195,1,1,20260323,MIA,SAS
Shot Chart Detail,0022501056,30,1642844,Dylan Harper,1610612759,San Antonio Spurs,1,9,28,Made Shot,Jump Shot,3PT Field Goal,Above the Break 3,Right Side Center(RC),24+ ft.,25,174,191,1,1,20260325,MEM,SAS
Shot Chart Detail,0022501056,53,1642844,Dylan Harper,1610612759,San Antonio Spurs,1,7,40,Made Shot,Driving Reverse Layup Shot,2PT Field Goal,Restricted Area,Center(C),Less Than 8 ft.,2,13,20,1,1,20260325,MEM,SAS
Shot Chart Detail,0022501056,121,1642844,Dylan Harper,1610612759,San Antonio Spurs,1,2,54,Missed Shot,Jump Shot,3PT Field Goal,Above the Break 3,Center(C),24+ ft.,26,64,258,1,0,20260325,MEM,SAS
Shot Chart Detail,0022501056,153,1642844,Dylan Harper,1610612759,San Antonio Spurs,1,0,31,Made Shot,Pullup Jump shot,2PT Field Goal,Mid-Range,Center(C),16-24 ft.,19,-29,194,1,1,20260325,MEM,SAS
Shot Chart Detail,0022501056,192,1642844,Dylan Harper,1610612759,San Antonio Spurs,2,9,34,Missed Shot,Jump Shot,3PT Field Goal,Above the Break 3,Right Side Center(RC),24+ ft.,26,83,248,1,0,20260325,MEM,SAS
Shot Chart Detail,0022501056,330,1642844,Dylan Harper,1610612759,San Antonio Spurs,2,0,47,Made Shot,Jump Shot,3PT Field Goal,Above the Break 3,Left Side Center(LC),24+ ft.,26,-131,225,1,1,20260325,MEM,SAS
Shot Chart Detail,0022501056,334,1642844,Dylan Harper,1610612759,San Antonio Spurs,2,0,13,Missed Shot,Jump Shot,3PT Field Goal,Right Corner 3,Right Side(R),24+ ft.,23,232,7,1,0,20260325,MEM,SAS
Shot Chart Detail,0022501056,382,1642844,Dylan Harper,1610612759,San Antonio Spurs,3,8,34,Missed Shot,Pullup Jump shot,2PT Field Goal,In The Paint (Non-RA),Center(C),Less Than 8 ft.,4,48,1,1,0,20260325,MEM,SAS
Shot Chart Detail,0022501076,101,1642844,Dylan Harper,1610612759,San Antonio Spurs,1,4,1,Made Shot,Jump Shot,3PT Field Goal,Above the Break 3,Right Side Center(RC),24+ ft.,24,190,157,1,1,20260328,MIL,SAS
Shot Chart Detail,0022501076,150,1642844,Dylan Harper,1610612759,San Antonio Spurs,1,0,27,Made Shot,Running Layup Shot,2PT Field Goal,Restricted Area,Center(C),Less Than 8 ft.,2,4,26,1,1,20260328,MIL,SAS
Shot Chart Detail,0022501076,239,1642844,Dylan Harper,1610612759,San Antonio Spurs,2,5,27,Missed Shot,Jump Shot,2PT Field Goal,Mid-Range,Center(C),8-16 ft.,15,-1,154,1,0,20260328,MIL,SAS
Shot Chart Detail,0022501076,243,1642844,Dylan Harper,1610612759,San Antonio Spurs,2,5,10,Made Shot,Running Jump Shot,3PT Field Goal,Right Corner 3,Right Side(R),24+ ft.,22,228,13,1,1,20260328,MIL,SAS
Shot Chart Detail,0022501076,289,1642844,Dylan Harper,1610612759,San Antonio Spurs,2,1,18,Made Shot,Driving Finger Roll Layup Shot,2PT Field Goal,Restricted Area,Center(C),Less Than 8 ft.,1,0,16,1,1,20260328,MIL,SAS
Shot Chart Detail,0022501076,395,1642844,Dylan Harper,1610612759,San Antonio Spurs,3,5,10,Made Shot,Running Layup Shot,2PT Field Goal,Restricted Area,Center(C),Less Than 8 ft.,1,-13,3,1,1,20260328,MIL,SAS
Shot Chart Detail,0022501076,404,1642844,Dylan Harper,1610612759,San Antonio Spurs,3,4,11,Made Shot,Driving Reverse Layup Shot,2PT Field Goal,Restricted Area,Center(C),Less Than 8 ft.,1,-12,9,1,1,20260328,MIL,SAS
Shot Chart Detail,0022501076,457,1642844,Dylan Harper,1610612759,San Antonio Spurs,3,1,40,Missed Shot,Jump Shot,3PT Field Goal,Right Corner 3,Right Side(R),24+ ft.,23,237,1,1,0,20260328,MIL,SAS
Shot Chart Detail,0022501094,99,1642844,Dylan Harper,1610612759,San Antonio Spurs,1,4,56,Made Shot,Driving Layup Shot,2PT Field Goal,Restricted Area,Center(C),Less Than 8 ft.,1,1,14,1,1,20260330,SAS,CHI
Shot Chart Detail,0022501094,102,1642844,Dylan Harper,1610612759,San Antonio Spurs,1,4,31,Made Shot,Jump Shot,3PT Field Goal,Above the Break 3,Center(C),24+ ft.,24,-36,246,1,1,20260330,SAS,CHI
Shot Chart Detail,0022501094,140,1642844,Dylan Harper,1610612759,San Antonio Spurs,1,1,8,Made Shot,Driving Layup Shot,2PT Field Goal,Restricted Area,Center(C),Less Than 8 ft.,1,-6,9,1,1,20260330,SAS,CHI
Shot Chart Detail,0022501094,147,1642844,Dylan Harper,1610612759,San Antonio Spurs,1,0,33,Missed Shot,Jump Shot,3PT Field Goal,Above the Break 3,Right Side Center(RC),24+ ft.,25,113,226,1,0,20260330,SAS,CHI
Shot Chart Detail,0022501094,417,1642844,Dylan Harper,1610612759,San Antonio Spurs,3,5,41,Missed Shot,Driving Floating Jump Shot,2PT Field Goal,In The Paint (Non-RA),Center(C),Less Than 8 ft.,6,45,42,1,0,20260330,SAS,CHI
Shot Chart Detail,0022501094,419,1642844,Dylan Harper,1610612759,San Antonio Spurs,3,5,36,Made Shot,Putback Layup Shot,2PT Field Goal,Restricted Area,Center(C),Less Than 8 ft.,0,0,0,1,1,20260330,SAS,CHI
Shot Chart Detail,0022501094,421,1642844,Dylan Harper,1610612759,San Antonio Spurs,3,5,16,Made Shot,Pullup Jump shot,2PT Field Goal,Mid-Range,Center(C),16-24 ft.,19,15,191,1,1,20260330,SAS,CHI
Shot Chart Detail,0022501094,577,1642844,Dylan Harper,1610612759,San Antonio Spurs,4,8,5,Made Shot,Driving Finger Roll Layup Shot,2PT Field Goal,Restricted Area,Center(C),Less Than 8 ft.,0,4,8,1,1,20260330,SAS,CHI
Shot Chart Detail,0022501094,584,1642844,Dylan Harper,1610612759,San Antonio Spurs,4,7,40,Missed Shot,Driving Layup Shot,2PT Field Goal,Restricted Area,Center(C),Less Than 8 ft.,1,-5,18,1,0,20260330,SAS,CHI
Shot Chart Detail,0022501094,643,1642844,Dylan Harper,1610612759,San Antonio Spurs,4,4,4,Missed Shot,Pullup Jump shot,2PT Field Goal,In The Paint (Non-RA),Center(C),Less Than 8 ft.,7,6,73,1,0,20260330,SAS,CHI
Shot Chart Detail,0022501094,697,1642844,Dylan Harper,1610612759,San Antonio Spurs,4,4,3,Missed Shot,Putback Layup Shot,2PT Field Goal,Restricted Area,Center(C),Less Than 8 ft.,2,7,21,1,0,20260330,SAS,CHI
Shot Chart Detail,0022501113,78,1642844,Dylan Harper,1610612759,San Antonio Spurs,1,6,45,Made Shot,Running Layup Shot,2PT Field Goal,In The Paint (Non-RA),Center(C),Less Than 8 ft.,4,37,16,1,1,20260401,GSW,SAS
Shot Chart Detail,0022501113,273,1642844,Dylan Harper,1610612759,San Antonio Spurs,2,7,19,Made Shot,Driving Layup Shot,2PT Field Goal,In The Paint (Non-RA),Center(C),Less Than 8 ft.,4,17,37,1,1,20260401,GSW,SAS
Shot Chart Detail,0022501113,276,1642844,Dylan Harper,1610612759,San Antonio Spurs,2,6,54,Made Shot,Running Layup Shot,2PT Field Goal,In The Paint (Non-RA),Center(C),Less Than 8 ft.,4,-28,37,1,1,20260401,GSW,SAS
Shot Chart Detail,0022501113,293,1642844,Dylan Harper,1610612759,San Antonio Spurs,2,5,18,Missed Shot,Pullup Jump shot,2PT Field Goal,In The Paint (Non-RA),Right Side(R),8-16 ft.,10,70,74,1,0,20260401,GSW,SAS
Shot Chart Detail,0022501113,297,1642844,Dylan Harper,1610612759,San Antonio Spurs,2,5,0,Missed Shot,Running Pull-Up Jump Shot,2PT Field Goal,In The Paint (Non-RA),Center(C),Less Than 8 ft.,5,-6,58,1,0,20260401,GSW,SAS
Shot Chart Detail,0022501113,489,1642844,Dylan Harper,1610612759,San Antonio Spurs,3,4,59,Made Shot,Driving Floating Jump Shot,2PT Field Goal,In The Paint (Non-RA),Center(C),Less Than 8 ft.,6,15,59,1,1,20260401,GSW,SAS
Shot Chart Detail,0022501113,554,1642844,Dylan Harper,1610612759,San Antonio Spurs,3,0,31,Missed Shot,Fadeaway Jump Shot,2PT Field Goal,In The Paint (Non-RA),Center(C),8-16 ft.,8,16,88,1,0,20260401,GSW,SAS
Shot Chart Detail,0022501113,560,1642844,Dylan Harper,1610612759,San Antonio Spurs,3,0,4,Missed Shot,Jump Shot,3PT Field Goal,Left Corner 3,Left Side(L),24+ ft.,22,-229,8,1,0,20260401,GSW,SAS
Shot Chart Detail,0022501113,671,1642844,Dylan Harper,1610612759,San Antonio Spurs,4,3,55,Made Shot,Putback Layup Shot,2PT Field Goal,Restricted Area,Center(C),Less Than 8 ft.,1,-10,10,1,1,20260401,GSW,SAS
Shot Chart Detail,0022501113,687,1642844,Dylan Harper,1610612759,San Antonio Spurs,4,3,7,Made Shot,Cutting Dunk Shot,2PT Field Goal,Restricted Area,Center(C),Less Than 8 ft.,3,-7,31,1,1,20260401,GSW,SAS
Shot Chart Detail,0022501113,699,1642844,Dylan Harper,1610612759,San Antonio Spurs,4,1,30,Missed Shot,Jump Shot,3PT Field Goal,Above the Break 3,Center(C),24+ ft.,25,58,253,1,0,20260401,GSW,SAS
Shot Chart Detail,0022501119,99,1642844,Dylan Harper,1610612759,San Antonio Spurs,1,3,12,Made Shot,Driving Layup Shot,2PT Field Goal,Restricted Area,Center(C),Less Than 8 ft.,1,12,14,1,1,20260402,LAC,SAS
Shot Chart Detail,0022501119,153,1642844,Dylan Harper,1610612759,San Antonio Spurs,2,10,56,Made Shot,Step Back Jump shot,2PT Field Goal,In The Paint (Non-RA),Center(C),8-16 ft.,8,4,80,1,1,20260402,LAC,SAS
Shot Chart Detail,0022501119,208,1642844,Dylan Harper,1610612759,San Antonio Spurs,2,6,33,Made Shot,Pullup Jump shot,2PT Field Goal,In The Paint (Non-RA),Center(C),8-16 ft.,10,45,99,1,1,20260402,LAC,SAS
Shot Chart Detail,0022501119,240,1642844,Dylan Harper,1610612759,San Antonio Spurs,2,4,26,Missed Shot,Jump Shot,3PT Field Goal,Backcourt,Back Court(BC),Back Court Shot,49,165,467,1,0,20260402,LAC,SAS
Shot Chart Detail,0022501119,320,1642844,Dylan Harper,1610612759,San Antonio Spurs,2,0,0,Made Shot,Jump Shot,3PT Field Goal,Above the Break 3,Back Court(BC),Back Court Shot,41,-96,406,1,1,20260402,LAC,SAS
Shot Chart Detail,0022501119,415,1642844,Dylan Harper,1610612759,San Antonio Spurs,3,4,23,Missed Shot,Driving Layup Shot,2PT Field Goal,In The Paint (Non-RA),Center(C),Less Than 8 ft.,6,29,59,1,0,20260402,LAC,SAS
Shot Chart Detail,0022501119,427,1642844,Dylan Harper,1610612759,San Antonio Spurs,3,3,59,Made Shot,Driving Layup Shot,2PT Field Goal,Restricted Area,Center(C),Less Than 8 ft.,3,1,38,1,1,20260402,LAC,SAS
Shot Chart Detail,0022501119,561,1642844,Dylan Harper,1610612759,San Antonio Spurs,4,8,10,Missed Shot,Fadeaway Jump Shot,2PT Field Goal,In The Paint (Non-RA),Center(C),8-16 ft.,9,2,92,1,0,20260402,LAC,SAS
Shot Chart Detail,0022501119,565,1642844,Dylan Harper,1610612759,San Antonio Spurs,4,8,6,Made Shot,Tip Layup Shot,2PT Field Goal,Restricted Area,Center(C),Less Than 8 ft.,0,0,0,1,1,20260402,LAC,SAS
Shot Chart Detail,0022501119,577,1642844,Dylan Harper,1610612759,San Antonio Spurs,4,7,1,Made Shot,Jump Shot,3PT Field Goal,Right Corner 3,Right Side(R),24+ ft.,23,224,53,1,1,20260402,LAC,SAS
Shot Chart Detail,0022501119,595,1642844,Dylan Harper,1610612759,San Antonio Spurs,4,5,48,Made Shot,Driving Dunk Shot,2PT Field Goal,Restricted Area,Center(C),Less Than 8 ft.,0,-4,7,1,1,20260402,LAC,SAS
Shot Chart Detail,0022501119,599,1642844,Dylan Harper,1610612759,San Antonio Spurs,4,5,8,Missed Shot,Driving Floating Jump Shot,2PT Field Goal,In The Paint (Non-RA),Center(C),Less Than 8 ft.,5,-1,59,1,0,20260402,LAC,SAS
Shot Chart Detail,0022501130,74,1642844,Dylan Harper,1610612759,San Antonio Spurs,1,5,48,Missed Shot,Pullup Jump shot,2PT Field Goal,In The Paint (Non-RA),Center(C),8-16 ft.,9,-38,92,1,0,20260404,DEN,SAS
Shot Chart Detail,0022501130,110,1642844,Dylan Harper,1610612759,San Antonio Spurs,1,3,4,Made Shot,Driving Layup Shot,2PT Field Goal,Restricted Area,Center(C),Less Than 8 ft.,1,9,9,1,1,20260404,DEN,SAS
Shot Chart Detail,0022501130,174,1642844,Dylan Harper,1610612759,San Antonio Spurs,2,11,8,Made Shot,Driving Layup Shot,2PT Field Goal,Restricted Area,Center(C),Less Than 8 ft.,2,-26,5,1,1,20260404,DEN,SAS
Shot Chart Detail,0022501130,264,1642844,Dylan Harper,1610612759,San Antonio Spurs,2,5,0,Made Shot,Jump Shot,3PT Field Goal,Above the Break 3,Right Side Center(RC),24+ ft.,25,197,168,1,1,20260404,DEN,SAS
Shot Chart Detail,0022501130,591,1642844,Dylan Harper,1610612759,San Antonio Spurs,4,7,6,Missed Shot,Jump Shot,3PT Field Goal,Above the Break 3,Left Side Center(LC),24+ ft.,25,-207,146,1,0,20260404,DEN,SAS
Shot Chart Detail,0022501130,604,1642844,Dylan Harper,1610612759,San Antonio Spurs,4,6,11,Made Shot,Turnaround Jump Shot,2PT Field Goal,Mid-Range,Left Side(L),8-16 ft.,13,-92,102,1,1,20260404,DEN,SAS
Shot Chart Detail,0022501130,758,1642844,Dylan Harper,1610612759,San Antonio Spurs,5,0,0,Made Shot,Pullup Jump shot,3PT Field Goal,Above the Break 3,Left Side Center(LC),24+ ft.,35,-170,310,1,1,20260404,DEN,SAS
Shot Chart Detail,0022501146,88,1642844,Dylan Harper,1610612759,San Antonio Spurs,1,5,59,Made Shot,Turnaround Jump Shot,2PT Field Goal,Mid-Range,Right Side Center(RC),16-24 ft.,16,82,144,1,1,20260406,SAS,PHI
Shot Chart Detail,0022501146,114,1642844,Dylan Harper,1610612759,San Antonio Spurs,1,3,48,Made Shot,Driving Finger Roll Layup Shot,2PT Field Goal,Restricted Area,Center(C),Less Than 8 ft.,2,-23,7,1,1,20260406,SAS,PHI
Shot Chart Detail,0022501146,265,1642844,Dylan Harper,1610612759,San Antonio Spurs,2,6,31,Made Shot,Jump Shot,3PT Field Goal,Right Corner 3,Right Side(R),24+ ft.,23,224,63,1,1,20260406,SAS,PHI
Shot Chart Detail,0022501146,294,1642844,Dylan Harper,1610612759,San Antonio Spurs,2,3,49,Missed Shot,Step Back Jump shot,2PT Field Goal,Mid-Range,Right Side(R),8-16 ft.,8,88,-15,1,0,20260406,SAS,PHI
Shot Chart Detail,0022501146,310,1642844,Dylan Harper,1610612759,San Antonio Spurs,2,2,40,Missed Shot,Running Layup Shot,2PT Field Goal,Restricted Area,Center(C),Less Than 8 ft.,1,17,5,1,0,20260406,SAS,PHI
Shot Chart Detail,0022501146,314,1642844,Dylan Harper,1610612759,San Antonio Spurs,2,2,28,Made Shot,Layup Shot,2PT Field Goal,Restricted Area,Center(C),Less Than 8 ft.,1,10,8,1,1,20260406,SAS,PHI
Shot Chart Detail,0022501146,338,1642844,Dylan Harper,1610612759,San Antonio Spurs,2,0,34,Missed Shot,Running Finger Roll Layup Shot,2PT Field Goal,Restricted Area,Center(C),Less Than 8 ft.,2,-12,23,1,0,20260406,SAS,PHI
Shot Chart Detail,0022501146,468,1642844,Dylan Harper,1610612759,San Antonio Spurs,3,5,1,Missed Shot,Pullup Jump shot,2PT Field Goal,Mid-Range,Center(C),16-24 ft.,16,29,164,1,0,20260406,SAS,PHI
Shot Chart Detail,0022501146,534,1642844,Dylan Harper,1610612759,San Antonio Spurs,3,0,1,Made Shot,Jump Shot,3PT Field Goal,Right Corner 3,Right Side(R),24+ ft.,23,230,56,1,1,20260406,SAS,PHI
Shot Chart Detail,0022501146,592,1642844,Dylan Harper,1610612759,San Antonio Spurs,4,8,7,Made Shot,Jump Shot,3PT Field Goal,Right Corner 3,Right Side(R),24+ ft.,22,223,1,1,1,20260406,SAS,PHI
Shot Chart Detail,0022501146,637,1642844,Dylan Harper,1610612759,San Antonio Spurs,4,5,0,Made Shot,Driving Finger Roll Layup Shot,2PT Field Goal,Restricted Area,Center(C),Less Than 8 ft.,1,-11,3,1,1,20260406,SAS,PHI
Shot Chart Detail,0022501161,26,1642844,Dylan Harper,1610612759,San Antonio Spurs,1,10,7,Made Shot,Pullup Jump shot,2PT Field Goal,Mid-Range,Left Side Center(LC),16-24 ft.,17,-93,148,1,1,20260408,SAS,POR
Shot Chart Detail,0022501161,63,1642844,Dylan Harper,1610612759,San Antonio Spurs,1,6,26,Missed Shot,Driving Floating Jump Shot,2PT Field Goal,In The Paint (Non-RA),Center(C),8-16 ft.,12,-2,126,1,0,20260408,SAS,POR
Shot Chart Detail,0022501161,110,1642844,Dylan Harper,1610612759,San Antonio Spurs,1,3,28,Made Shot,Driving Floating Jump Shot,2PT Field Goal,In The Paint (Non-RA),Left Side(L),8-16 ft.,8,-78,26,1,1,20260408,SAS,POR
Shot Chart Detail,0022501161,165,1642844,Dylan Harper,1610612759,San Antonio Spurs,1,0,9,Made Shot,Step Back Jump shot,3PT Field Goal,Above the Break 3,Right Side Center(RC),24+ ft.,25,170,188,1,1,20260408,SAS,POR
Shot Chart Detail,0022501161,196,1642844,Dylan Harper,1610612759,San Antonio Spurs,2,9,53,Made Shot,Pullup Jump shot,2PT Field Goal,In The Paint (Non-RA),Center(C),8-16 ft.,12,-32,116,1,1,20260408,SAS,POR
Shot Chart Detail,0022501161,372,1642844,Dylan Harper,1610612759,San Antonio Spurs,3,11,2,Made Shot,Pullup Jump shot,2PT Field Goal,In The Paint (Non-RA),Center(C),8-16 ft.,8,26,80,1,1,20260408,SAS,POR
Shot Chart Detail,0022501161,386,1642844,Dylan Harper,1610612759,San Antonio Spurs,3,8,51,Missed Shot,Driving Layup Shot,2PT Field Goal,Restricted Area,Center(C),Less Than 8 ft.,1,16,11,1,0,20260408,SAS,POR
Shot Chart Detail,0022501161,404,1642844,Dylan Harper,1610612759,San Antonio Spurs,3,7,4,Missed Shot,Tip Layup Shot,2PT Field Goal,Restricted Area,Center(C),Less Than 8 ft.,0,0,0,1,0,20260408,SAS,POR
Shot Chart Detail,0022501161,465,1642844,Dylan Harper,1610612759,San Antonio Spurs,3,2,16,Missed Shot,Running Layup Shot,2PT Field Goal,Restricted Area,Center(C),Less Than 8 ft.,2,-4,21,1,0,20260408,SAS,POR
Shot Chart Detail,0022501161,489,1642844,Dylan Harper,1610612759,San Antonio Spurs,3,0,29,Made Shot,Running Dunk Shot,2PT Field Goal,Restricted Area,Center(C),Less Than 8 ft.,1,9,13,1,1,20260408,SAS,POR
Shot Chart Detail,0022501161,509,1642844,Dylan Harper,1610612759,San Antonio Spurs,4,11,35,Missed Shot,Step Back Jump shot,3PT Field Goal,Above the Break 3,Right Side Center(RC),24+ ft.,26,176,198,1,0,20260408,SAS,POR
Shot Chart Detail,0022501161,575,1642844,Dylan Harper,1610612759,San Antonio Spurs,4,6,24,Missed Shot,Driving Layup Shot,2PT Field Goal,Restricted Area,Center(C),Less Than 8 ft.,1,2,15,1,0,20260408,SAS,POR
Shot Chart Detail,0022501161,602,1642844,Dylan Harper,1610612759,San Antonio Spurs,4,4,37,Missed Shot,Fadeaway Jump Shot,2PT Field Goal,Mid-Range,Right Side(R),8-16 ft.,9,89,32,1,0,20260408,SAS,POR
Shot Chart Detail,0022501161,669,1642844,Dylan Harper,1610612759,San Antonio Spurs,4,2,9,Missed Shot,Driving Layup Shot,2PT Field Goal,In The Paint (Non-RA),Center(C),8-16 ft.,9,-1,99,1,0,20260408,SAS,POR
Shot Chart Detail,0022501180,17,1642844,Dylan Harper,1610612759,San Antonio Spurs,1,10,47,Made Shot,Driving Reverse Layup Shot,2PT Field Goal,Restricted Area,Center(C),Less Than 8 ft.,2,-9,18,1,1,20260410,SAS,DAL
Shot Chart Detail,0022501180,67,1642844,Dylan Harper,1610612759,San Antonio Spurs,1,5,52,Missed Shot,Driving Floating Jump Shot,2PT Field Goal,Mid-Range,Left Side(L),8-16 ft.,12,-113,48,1,0,20260410,SAS,DAL
Shot Chart Detail,0022501180,69,1642844,Dylan Harper,1610612759,San Antonio Spurs,1,5,45,Missed Shot,Jump Shot,3PT Field Goal,Above the Break 3,Left Side Center(LC),24+ ft.,26,-175,204,1,0,20260410,SAS,DAL
Shot Chart Detail,0022501180,99,1642844,Dylan Harper,1610612759,San Antonio Spurs,1,4,36,Missed Shot,Step Back Jump shot,2PT Field Goal,Mid-Range,Right Side Center(RC),16-24 ft.,19,94,175,1,0,20260410,SAS,DAL
Shot Chart Detail,0022501180,225,1642844,Dylan Harper,1610612759,San Antonio Spurs,2,8,8,Made Shot,Running Layup Shot,2PT Field Goal,Restricted Area,Center(C),Less Than 8 ft.,2,-18,11,1,1,20260410,SAS,DAL
Shot Chart Detail,0022501180,269,1642844,Dylan Harper,1610612759,San Antonio Spurs,2,5,56,Missed Shot,Driving Layup Shot,2PT Field Goal,In The Paint (Non-RA),Center(C),Less Than 8 ft.,5,-40,41,1,0,20260410,SAS,DAL
Shot Chart Detail,0022501180,410,1642844,Dylan Harper,1610612759,San Antonio Spurs,3,9,6,Made Shot,Layup Shot,2PT Field Goal,Restricted Area,Center(C),Less Than 8 ft.,1,12,1,1,1,20260410,SAS,DAL
Shot Chart Detail,0022501180,437,1642844,Dylan Harper,1610612759,San Antonio Spurs,3,7,2,Made Shot,Turnaround Jump Shot,2PT Field Goal,Restricted Area,Center(C),Less Than 8 ft.,2,-1,25,1,1,20260410,SAS,DAL
Shot Chart Detail,0022501180,471,1642844,Dylan Harper,1610612759,San Antonio Spurs,3,4,55,Missed Shot,Running Layup Shot,2PT Field Goal,Restricted Area,Center(C),Less Than 8 ft.,1,4,11,1,0,20260410,SAS,DAL
Shot Chart Detail,0022501197,83,1642844,Dylan Harper,1610612759,San Antonio Spurs,1,5,50,Made Shot,Driving Floating Jump Shot,2PT Field Goal,In The Paint (Non-RA),Center(C),Less Than 8 ft.,7,43,62,1,1,20260412,SAS,DEN
Shot Chart Detail,0022501197,86,1642844,Dylan Harper,1610612759,San Antonio Spurs,1,5,22,Missed Shot,Driving Layup Shot,2PT Field Goal,Restricted Area,Center(C),Less Than 8 ft.,0,4,9,1,0,20260412,SAS,DEN
Shot Chart Detail,0022501197,117,1642844,Dylan Harper,1610612759,San Antonio Spurs,1,4,18,Made Shot,Tip Dunk Shot,2PT Field Goal,Restricted Area,Center(C),Less Than 8 ft.,0,0,0,1,1,20260412,SAS,DEN
Shot Chart Detail,0022501197,286,1642844,Dylan Harper,1610612759,San Antonio Spurs,2,4,58,Missed Shot,Pullup Jump shot,2PT Field Goal,Mid-Range,Right Side(R),8-16 ft.,10,100,3,1,0,20260412,SAS,DEN
Shot Chart Detail,0022501197,397,1642844,Dylan Harper,1610612759,San Antonio Spurs,3,6,45,Made Shot,Driving Layup Shot,2PT Field Goal,Restricted Area,Center(C),Less Than 8 ft.,3,27,20,1,1,20260412,SAS,DEN
Shot Chart Detail,0022501197,400,1642844,Dylan Harper,1610612759,San Antonio Spurs,3,6,11,Missed Shot,Jump Shot,3PT Field Goal,Above the Break 3,Right Side Center(RC),24+ ft.,25,109,230,1,0,20260412,SAS,DEN
Shot Chart Detail,0022501197,429,1642844,Dylan Harper,1610612759,San Antonio Spurs,3,4,6,Made Shot,Driving Finger Roll Layup Shot,2PT Field Goal,Restricted Area,Center(C),Less Than 8 ft.,2,2,23,1,1,20260412,SAS,DEN
Shot Chart Detail,0022501197,441,1642844,Dylan Harper,1610612759,San Antonio Spurs,3,3,31,Missed Shot,Driving Layup Shot,2PT Field Goal,Restricted Area,Center(C),Less Than 8 ft.,3,25,21,1,0,20260412,SAS,DEN
Shot Chart Detail,0022501197,443,1642844,Dylan Harper,1610612759,San Antonio Spurs,3,3,29,Missed Shot,Tip Layup Shot,2PT Field Goal,Restricted Area,Center(C),Less Than 8 ft.,0,0,0,1,0,20260412,SAS,DEN
Shot Chart Detail,0022501204,76,1642844,Dylan Harper,1610612759,San Antonio Spurs,1,5,36,Made Shot,Running Layup Shot,2PT Field Goal,Restricted Area,Center(C),Less Than 8 ft.,2,11,20,1,1,20251210,LAL,SAS
Shot Chart Detail,0022501204,108,1642844,Dylan Harper,1610612759,San Antonio Spurs,1,4,37,Made Shot,Putback Layup Shot,2PT Field Goal,Restricted Area,Center(C),Less Than 8 ft.,0,-5,8,1,1,20251210,LAL,SAS
Shot Chart Detail,0022501204,120,1642844,Dylan Harper,1610612759,San Antonio Spurs,1,3,11,Missed Shot,Running Jump Shot,3PT Field Goal,Right Corner 3,Right Side(R),24+ ft.,23,230,43,1,0,20251210,LAL,SAS
Shot Chart Detail,0022501204,137,1642844,Dylan Harper,1610612759,San Antonio Spurs,1,1,54,Made Shot,Running Layup Shot,2PT Field Goal,Restricted Area,Center(C),Less Than 8 ft.,0,2,6,1,1,20251210,LAL,SAS
Shot Chart Detail,0022501204,143,1642844,Dylan Harper,1610612759,San Antonio Spurs,1,1,18,Missed Shot,Pullup Jump shot,2PT Field Goal,Mid-Range,Right Side Center(RC),16-24 ft.,19,65,189,1,0,20251210,LAL,SAS
Shot Chart Detail,0022501204,258,1642844,Dylan Harper,1610612759,San Antonio Spurs,2,6,16,Missed Shot,Pullup Jump shot,2PT Field Goal,In The Paint (Non-RA),Center(C),8-16 ft.,12,-51,111,1,0,20251210,LAL,SAS
Shot Chart Detail,0022501204,288,1642844,Dylan Harper,1610612759,San Antonio Spurs,2,3,51,Made Shot,Driving Layup Shot,2PT Field Goal,In The Paint (Non-RA),Center(C),Less Than 8 ft.,4,-26,39,1,1,20251210,LAL,SAS
Shot Chart Detail,0022501204,314,1642844,Dylan Harper,1610612759,San Antonio Spurs,2,2,25,Missed Shot,Driving Layup Shot,2PT Field Goal,Restricted Area,Center(C),Less Than 8 ft.,3,27,20,1,0,20251210,LAL,SAS
Shot Chart Detail,0022501204,467,1642844,Dylan Harper,1610612759,San Antonio Spurs,3,4,34,Missed Shot,Running Alley Oop Layup Shot,2PT Field Goal,Restricted Area,Center(C),Less Than 8 ft.,2,-17,15,1,0,20251210,LAL,SAS
Shot Chart Detail,0022501204,475,1642844,Dylan Harper,1610612759,San Antonio Spurs,3,3,37,Made Shot,Driving Layup Shot,2PT Field Goal,In The Paint (Non-RA),Center(C),Less Than 8 ft.,5,11,50,1,1,20251210,LAL,SAS
Shot Chart Detail,0022501204,611,1642844,Dylan Harper,1610612759,San Antonio Spurs,4,7,22,Missed Shot,Driving Layup Shot,2PT Field Goal,Restricted Area,Center(C),Less Than 8 ft.,2,-15,15,1,0,20251210,LAL,SAS
Shot Chart Detail,0022501204,632,1642844,Dylan Harper,1610612759,San Antonio Spurs,4,5,43,Made Shot,Driving Layup Shot,2PT Field Goal,Restricted Area,Center(C),Less Than 8 ft.,2,-25,14,1,1,20251210,LAL,SAS
Shot Chart Detail,0022501230,66,1642844,Dylan Harper,1610612759,San Antonio Spurs,1,5,48,Missed Shot,Driving Finger Roll Layup Shot,2PT Field Goal,In The Paint (Non-RA),Center(C),Less Than 8 ft.,7,42,59,1,0,20251213,OKC,SAS
Shot Chart Detail,0022501230,94,1642844,Dylan Harper,1610612759,San Antonio Spurs,1,4,9,Missed Shot,Jump Shot,3PT Field Goal,Right Corner 3,Right Side(R),24+ ft.,23,239,10,1,0,20251213,OKC,SAS
Shot Chart Detail,0022501230,169,1642844,Dylan Harper,1610612759,San Antonio Spurs,2,11,32,Missed Shot,Pullup Jump shot,2PT Field Goal,Mid-Range,Right Side(R),8-16 ft.,15,113,104,1,0,20251213,OKC,SAS
Shot Chart Detail,0022501230,176,1642844,Dylan Harper,1610612759,San Antonio Spurs,2,11,2,Made Shot,Jump Shot,3PT Field Goal,Above the Break 3,Center(C),24+ ft.,26,45,258,1,1,20251213,OKC,SAS
Shot Chart Detail,0022501230,180,1642844,Dylan Harper,1610612759,San Antonio Spurs,2,10,29,Missed Shot,Driving Floating Jump Shot,2PT Field Goal,Mid-Range,Left Side(L),8-16 ft.,13,-103,90,1,0,20251213,OKC,SAS
Shot Chart Detail,0022501230,196,1642844,Dylan Harper,1610612759,San Antonio Spurs,2,9,22,Missed Shot,Pullup Jump shot,3PT Field Goal,Above the Break 3,Right Side Center(RC),24+ ft.,25,113,227,1,0,20251213,OKC,SAS
Shot Chart Detail,0022501230,250,1642844,Dylan Harper,1610612759,San Antonio Spurs,2,6,45,Missed Shot,Pullup Jump shot,3PT Field Goal,Above the Break 3,Right Side Center(RC),24+ ft.,26,87,246,1,0,20251213,OKC,SAS
Shot Chart Detail,0022501230,257,1642844,Dylan Harper,1610612759,San Antonio Spurs,2,6,18,Missed Shot,Driving Floating Jump Shot,2PT Field Goal,In The Paint (Non-RA),Center(C),8-16 ft.,13,-58,118,1,0,20251213,OKC,SAS
Shot Chart Detail,0022501230,345,1642844,Dylan Harper,1610612759,San Antonio Spurs,2,0,52,Made Shot,Driving Layup Shot,2PT Field Goal,In The Paint (Non-RA),Center(C),Less Than 8 ft.,4,-36,23,1,1,20251213,OKC,SAS
Shot Chart Detail,0022501230,445,1642844,Dylan Harper,1610612759,San Antonio Spurs,3,5,56,Made Shot,Driving Layup Shot,2PT Field Goal,Restricted Area,Center(C),Less Than 8 ft.,3,26,29,1,1,20251213,OKC,SAS
Shot Chart Detail,0022501230,499,1642844,Dylan Harper,1610612759,San Antonio Spurs,3,2,11,Missed Shot,Driving Floating Jump Shot,2PT Field Goal,In The Paint (Non-RA),Center(C),8-16 ft.,8,-27,84,1,0,20251213,OKC,SAS
Shot Chart Detail,0022501230,505,1642844,Dylan Harper,1610612759,San Antonio Spurs,3,1,42,Missed Shot,Jump Shot,3PT Field Goal,Left Corner 3,Left Side(L),24+ ft.,23,-235,38,1,0,20251213,OKC,SAS
Shot Chart Detail,0022501230,615,1642844,Dylan Harper,1610612759,San Antonio Spurs,4,7,20,Missed Shot,Driving Floating Jump Shot,2PT Field Goal,Mid-Range,Right Side(R),8-16 ft.,11,85,79,1,0,20251213,OKC,SAS
